bk_type;hd_type;road_reference_min;technical_minutes;document_minutes;service_duration_min;default_priority;equipment_codes;rule_version;source
Глобальная проблема;Авария;20;80;0;80;URGENT;DIAG_SET|CABLE_SET|CABLE_PACK;v2.2-published-normatives;"Нормативы.xlsx; road replaced by routed travel time"
Глобальная проблема;Информация;20;80;0;80;NORMAL;;v2.2-published-normatives;"Нормативы.xlsx; road replaced by routed travel time"
Дозаказ;Дозаказ оборудования;20;10;10;20;NORMAL;DIAG_SET|INSTALL_SET;v2.2-published-normatives;"Нормативы.xlsx; road replaced by routed travel time"
Дозаказ;Заказ подключения/Дозаказ оборудования;20;10;10;20;NORMAL;DIAG_SET|INSTALL_SET|CABLE_PACK;v2.2-published-normatives;"Нормативы.xlsx; road replaced by routed travel time"
Дозаказ;Конвергенция абонента;20;10;10;20;NORMAL;DIAG_SET|INSTALL_SET|CABLE_PACK;v2.2-published-normatives;"Нормативы.xlsx; road replaced by routed travel time"
Локальная заявка;IP-адрес 169...;20;30;0;30;NORMAL;DIAG_SET;v2.2-published-normatives;"Нормативы.xlsx; road replaced by routed travel time"
Локальная заявка;TVE/ENT. Другие ошибки;20;30;0;30;NORMAL;DIAG_SET;v2.2-published-normatives;"Нормативы.xlsx; road replaced by routed travel time"
Локальная заявка;TVE/ENT. Замена приставки техником;20;30;0;30;NORMAL;DIAG_SET|TV_BOX;v2.2-published-normatives;"Нормативы.xlsx; road replaced by routed travel time"
Локальная заявка;Мониторинг;20;30;0;30;NORMAL;DIAG_SET;v2.2-published-normatives;"Нормативы.xlsx; road replaced by routed travel time"
Локальная заявка;Нет линка;20;30;0;30;NORMAL;DIAG_SET;v2.2-published-normatives;"Нормативы.xlsx; road replaced by routed travel time"
Локальная заявка;Низкая скорость;20;30;0;30;NORMAL;DIAG_SET;v2.2-published-normatives;"Нормативы.xlsx; road replaced by routed travel time"
Локальная заявка;Переключение на Гбит/с;20;30;0;30;NORMAL;DIAG_SET|INSTALL_SET;v2.2-published-normatives;"Нормативы.xlsx; road replaced by routed travel time"
Локальная заявка;Работа с кабелем;20;30;0;30;NORMAL;DIAG_SET|CABLE_SET|CABLE_PACK;v2.2-published-normatives;"Нормативы.xlsx; road replaced by routed travel time"
Локальная заявка;Разрывы;20;30;0;30;NORMAL;DIAG_SET;v2.2-published-normatives;"Нормативы.xlsx; road replaced by routed travel time"
Локальная заявка;Рост ошибок на порту;20;30;0;30;NORMAL;DIAG_SET;v2.2-published-normatives;"Нормативы.xlsx; road replaced by routed travel time"
Локальная заявка;Роутер. Замена техническим специалистом;20;30;0;30;NORMAL;DIAG_SET|ROUTER;v2.2-published-normatives;"Нормативы.xlsx; road replaced by routed travel time"
Локальная заявка;ТВ. Замена приставки техником;20;30;0;30;NORMAL;DIAG_SET|TV_BOX;v2.2-published-normatives;"Нормативы.xlsx; road replaced by routed travel time"
Подключение;Заказ подключения/Дозаказ оборудования;20;60;10;70;NORMAL;DIAG_SET|INSTALL_SET|CABLE_PACK;v2.2-published-normatives;"Нормативы.xlsx; road replaced by routed travel time"
Подключение;Заявка на подключение;20;60;10;70;NORMAL;DIAG_SET|INSTALL_SET|CABLE_PACK;v2.2-published-normatives;"Нормативы.xlsx; road replaced by routed travel time"
Подключение;Конвергенция абонента;20;60;10;70;NORMAL;DIAG_SET|INSTALL_SET|CABLE_PACK;v2.2-published-normatives;"Нормативы.xlsx; road replaced by routed travel time"
Подключение;Переключение на Гбит/с;20;60;10;70;NORMAL;DIAG_SET|INSTALL_SET;v2.2-published-normatives;"Нормативы.xlsx; road replaced by routed travel time"
