engineer_id;engineer_name;zone_id;zone_name;shift_start;shift_end;start_office_id;transport_type;is_available;max_jobs;max_route_minutes;source
EAST-ENG-01;Бригада Комарь;EAST;Восток;10:00;22:00;OFFICE-EAST;PUBLIC_TRANSIT;true;10;720;hybrid_synthetic_v2_1
EAST-ENG-02;Бригада Матвеев;EAST;Восток;10:00;22:00;OFFICE-EAST;CAR;true;10;720;hybrid_synthetic_v2_1
EAST-ENG-03;Бригада Белузин;EAST;Восток;10:00;22:00;OFFICE-EAST;CAR;true;10;720;hybrid_synthetic_v2_1
EAST-ENG-04;Бригада Свеженцев;EAST;Восток;08:00;18:00;OFFICE-EAST;CAR;true;10;600;hybrid_synthetic_v2_1
EAST-ENG-05;Бригада Гусаковский;EAST;Восток;10:00;22:00;OFFICE-EAST;WALKING;true;10;720;hybrid_synthetic_v2_1
EAST-ENG-06;Бригада Арташкин;EAST;Восток;12:00;22:00;OFFICE-EAST;CAR;true;10;600;hybrid_synthetic_v2_1
EAST-ENG-07;Бригада Перов;EAST;Восток;08:00;18:00;OFFICE-EAST;CAR;true;10;600;hybrid_synthetic_v2_1
EAST-ENG-08;Бригада Зверев;EAST;Восток;10:00;22:00;OFFICE-EAST;WALKING;true;10;720;hybrid_synthetic_v2_1
EAST-ENG-09;Бригада Соколов;EAST;Восток;10:00;22:00;OFFICE-EAST;BICYCLE;true;10;720;hybrid_synthetic_v2_1
EAST-ENG-10;Бригада Мельников;EAST;Восток;08:00;18:00;OFFICE-EAST;PUBLIC_TRANSIT;true;10;600;hybrid_synthetic_v2_1
EAST-ENG-11;Бригада Каушнян;EAST;Восток;12:00;22:00;OFFICE-EAST;BICYCLE;true;10;600;hybrid_synthetic_v2_1
EAST-ENG-12;Бригада Попов;EAST;Восток;12:00;22:00;OFFICE-EAST;CAR;true;10;600;hybrid_synthetic_v2_1
SOUTHEAST-ENG-01;Бригада Белоновский;SOUTHEAST;Юго-восток;10:00;22:00;OFFICE-SOUTHEAST;CAR;false;10;720;hybrid_synthetic_v2_1
SOUTHEAST-ENG-02;Бригада Демин;SOUTHEAST;Юго-восток;10:00;22:00;OFFICE-SOUTHEAST;CAR;true;10;720;hybrid_synthetic_v2_1
SOUTHEAST-ENG-03;Бригада Макаров;SOUTHEAST;Юго-восток;12:00;22:00;OFFICE-SOUTHEAST;BICYCLE;true;10;600;hybrid_synthetic_v2_1
SOUTHEAST-ENG-04;Бригада Саламатин;SOUTHEAST;Юго-восток;08:00;18:00;OFFICE-SOUTHEAST;PUBLIC_TRANSIT;true;10;600;hybrid_synthetic_v2_1
SOUTHEAST-ENG-05;Бригада Бузань;SOUTHEAST;Юго-восток;12:00;22:00;OFFICE-SOUTHEAST;WALKING;true;10;600;hybrid_synthetic_v2_1
SOUTHEAST-ENG-06;Бригада Каушнян;SOUTHEAST;Юго-восток;10:00;22:00;OFFICE-SOUTHEAST;CAR;true;10;720;hybrid_synthetic_v2_1
SOUTHEAST-ENG-07;Бригада Паршин;SOUTHEAST;Юго-восток;08:00;18:00;OFFICE-SOUTHEAST;CAR;true;10;600;hybrid_synthetic_v2_1
SOUTHEAST-ENG-08;Бригада Андреев;SOUTHEAST;Юго-восток;08:00;18:00;OFFICE-SOUTHEAST;CAR;true;10;600;hybrid_synthetic_v2_1
SOUTHEAST-ENG-09;Бригада Рыбин;SOUTHEAST;Юго-восток;12:00;22:00;OFFICE-SOUTHEAST;CAR;true;10;600;hybrid_synthetic_v2_1
SOUTHEAST-ENG-10;Бригада Горбанев;SOUTHEAST;Юго-восток;10:00;22:00;OFFICE-SOUTHEAST;CAR;true;10;720;hybrid_synthetic_v2_1
SOUTHEAST-ENG-11;Бригада Козырь;SOUTHEAST;Юго-восток;10:00;22:00;OFFICE-SOUTHEAST;PUBLIC_TRANSIT;true;10;720;hybrid_synthetic_v2_1
SOUTHEAST-ENG-12;Бригада Царьков;SOUTHEAST;Юго-восток;10:00;22:00;OFFICE-SOUTHEAST;CAR;true;10;720;hybrid_synthetic_v2_1
SOUTHCENTER-ENG-01;Брюзгин Ярослав;SOUTHCENTER;Югоцентр;08:00;18:00;OFFICE-SOUTHCENTER;CAR;true;10;600;hybrid_synthetic_v2_1
SOUTHCENTER-ENG-02;Сакур Тимофей;SOUTHCENTER;Югоцентр;10:00;22:00;OFFICE-SOUTHCENTER;BICYCLE;true;10;720;hybrid_synthetic_v2_1
SOUTHCENTER-ENG-03;Прокопенко Вячеслав;SOUTHCENTER;Югоцентр;12:00;22:00;OFFICE-SOUTHCENTER;PUBLIC_TRANSIT;true;10;600;hybrid_synthetic_v2_1
SOUTHCENTER-ENG-04;Ионов Геннадий;SOUTHCENTER;Югоцентр;08:00;18:00;OFFICE-SOUTHCENTER;WALKING;true;10;600;hybrid_synthetic_v2_1
SOUTHCENTER-ENG-05;Исхаков Денис;SOUTHCENTER;Югоцентр;08:00;18:00;OFFICE-SOUTHCENTER;WALKING;true;10;600;hybrid_synthetic_v2_1
SOUTHCENTER-ENG-06;Рыбалкин Егор;SOUTHCENTER;Югоцентр;10:00;22:00;OFFICE-SOUTHCENTER;CAR;true;10;720;hybrid_synthetic_v2_1
SOUTHCENTER-ENG-07;Переладов Алексей;SOUTHCENTER;Югоцентр;12:00;22:00;OFFICE-SOUTHCENTER;PUBLIC_TRANSIT;true;10;600;hybrid_synthetic_v2_1
SOUTHCENTER-ENG-08;Бахарев Андрей;SOUTHCENTER;Югоцентр;10:00;22:00;OFFICE-SOUTHCENTER;CAR;true;10;720;hybrid_synthetic_v2_1
SOUTHCENTER-ENG-09;Капитанчук Александр;SOUTHCENTER;Югоцентр;10:00;22:00;OFFICE-SOUTHCENTER;BICYCLE;true;10;720;hybrid_synthetic_v2_1
SOUTHCENTER-ENG-10;Данилов Даниил;SOUTHCENTER;Югоцентр;12:00;22:00;OFFICE-SOUTHCENTER;CAR;true;10;600;hybrid_synthetic_v2_1
SOUTHCENTER-ENG-11;Выговский Сергей;SOUTHCENTER;Югоцентр;10:00;22:00;OFFICE-SOUTHCENTER;CAR;true;10;720;hybrid_synthetic_v2_1
