location_id;address;normalized_address;latitude;longitude;geocode_status;coordinate_accuracy;geocode_provider;geocode_object_id;geocode_display_name;provider_source_url;provider_license;verified_at;audit_note
LOC-0001;Город Москва, б-р.Волжский, д. 50 к 2;Москва, Волжский бульвар, 50к2;55.6965373;37.7522297;VERIFIED_BUILDING;BUILDING_CENTROID;OpenStreetMap/Nominatim;way/30854032;50 к2, Волжский бульвар, район Текстильщики, Москва, Центральный федеральный округ, 109462, Россия;https://www.openstreetmap.org/way/30854032;Data © OpenStreetMap contributors, ODbL 1.0. http://osm.org/copyright;2026-09-15;
LOC-0002;Город Москва, б-р.Кленовый, д. 10 к 1;Москва, Кленовый бульвар, 10к1;55.6827402;37.6732411;VERIFIED_BUILDING;BUILDING_CENTROID;OpenStreetMap/Nominatim;way/30858373;10 к1, Кленовый бульвар, Нагатино, Коломенка, район Нагатинский Затон, Москва, Центральный федеральный округ, 127238, Россия;https://www.openstreetmap.org/way/30858373;Data © OpenStreetMap contributors, ODbL 1.0. http://osm.org/copyright;2026-09-15;
LOC-0003;Город Москва, б-р.Ореховый, д. 11 к 1;Москва, Ореховый бульвар, 11к1;55.6108754;37.7128459;VERIFIED_BUILDING;BUILDING_CENTROID;OpenStreetMap/Nominatim;way/27178325;11 к1, Ореховый бульвар, Орехово-Борисово, район Орехово-Борисово Северное, Москва, Центральный федеральный округ, 115551, Россия;https://www.openstreetmap.org/way/27178325;Data © OpenStreetMap contributors, ODbL 1.0. http://osm.org/copyright;2026-09-15;
LOC-0004;Город Москва, б-р.Ореховый, д. 35 к 1;Москва, Ореховый бульвар, 35к1;55.6149375;37.7354256;VERIFIED_BUILDING;BUILDING_CENTROID;OpenStreetMap/Nominatim;way/27256529;35 к1, Ореховый бульвар, район Зябликово, Москва, Центральный федеральный округ, 115583, Россия;https://www.openstreetmap.org/way/27256529;Data © OpenStreetMap contributors, ODbL 1.0. http://osm.org/copyright;2026-09-15;
LOC-0005;Город Москва, б-р.Ореховый, д. 61 к 1;Москва, Ореховый бульвар, 61к1;55.6170816;37.7583887;VERIFIED_BUILDING;BUILDING_CENTROID;OpenStreetMap/Nominatim;way/40678933;61 к1, Ореховый бульвар, район Зябликово, Москва, Центральный федеральный округ, 115682, Россия;https://www.openstreetmap.org/way/40678933;Data © OpenStreetMap contributors, ODbL 1.0. http://osm.org/copyright;2026-09-15;
LOC-0006;Город Москва, б-р.Ореховый, д. 7 к 1;Москва, Ореховый бульвар, 7к1;55.6096657;37.7060471;VERIFIED_BUILDING;BUILDING_CENTROID;OpenStreetMap/Nominatim;way/31064679;7 к1, Ореховый бульвар, район Орехово-Борисово Северное, Москва, Центральный федеральный округ, 115551, Россия;https://www.openstreetmap.org/way/31064679;Data © OpenStreetMap contributors, ODbL 1.0. http://osm.org/copyright;2026-09-15;
LOC-0007;Город Москва, б-р.Самаркандский Квартал 137а, д. к5;Москва, Самаркандский Квартал 137а бульвар,к5;55.7000662;37.8193568;VERIFIED_BUILDING;BUILDING_CENTROID;OpenStreetMap/Nominatim;way/45832186;к5, квартал Самаркандский Бульвар 137А, квартал 137А, район Выхино-Жулебино, Москва, Центральный федеральный округ, 109507, Россия;https://www.openstreetmap.org/way/45832186;Data © OpenStreetMap contributors, ODbL 1.0. http://osm.org/copyright;2026-09-15;
LOC-0008;Город Москва, б-р.Симферопольский, д. 27;Москва, Симферопольский бульвар, 27;55.6486775;37.6062192;VERIFIED_BUILDING;BUILDING_CENTROID;OpenStreetMap/Nominatim;way/36743673;27, Симферопольский бульвар, Нагорный район, Москва, Центральный федеральный округ, 117452, Россия;https://www.openstreetmap.org/way/36743673;Data © OpenStreetMap contributors, ODbL 1.0. http://osm.org/copyright;2026-09-15;
LOC-0009;Город Москва, б-р.Смоленский, д. 17 стр. 1;Москва, Смоленский бульвар, 17с1;55.742465;37.5835089;VERIFIED_BUILDING;BUILDING_CENTROID;OpenStreetMap/Nominatim;relation/17682467;17 с1, Смоленский бульвар (дублёр), Плющиха, 540, район Хамовники, Москва, Центральный федеральный округ, 119121, Россия;https://www.openstreetmap.org/relation/17682467;Data © OpenStreetMap contributors, ODbL 1.0. http://osm.org/copyright;2026-09-15;
LOC-0010;Город Москва, б-р.Черноморский, д. 19 к 2;Москва, Черноморский бульвар, 19к2;55.6448239;37.5978906;VERIFIED_BUILDING;BUILDING_CENTROID;OpenStreetMap/Nominatim;way/29325280;19 к2, Черноморский бульвар, район Зюзино, Москва, Центральный федеральный округ, 117452, Россия;https://www.openstreetmap.org/way/29325280;Data © OpenStreetMap contributors, ODbL 1.0. http://osm.org/copyright;2026-09-15;
LOC-0011;Город Москва, б-р.Чонгарский, д. 1 к 4;Москва, Чонгарский бульвар, 1к4;55.6520362;37.6157017;VERIFIED_BUILDING;BUILDING_CENTROID;OpenStreetMap/Nominatim;way/29157153;1 к4, Чонгарский бульвар, Нагорный район, Москва, Центральный федеральный округ, 117556, Россия;https://www.openstreetmap.org/way/29157153;Data © OpenStreetMap contributors, ODbL 1.0. http://osm.org/copyright;2026-09-15;
LOC-0012;Город Москва, б-р.Чонгарский, д. 22 к 2;Москва, Чонгарский бульвар, 22к2;55.6543202;37.6036892;VERIFIED_BUILDING;BUILDING_CENTROID;OpenStreetMap/Nominatim;way/25418534;22 к2, Чонгарский бульвар, район Зюзино, Москва, Центральный федеральный округ, 117149, Россия;https://www.openstreetmap.org/way/25418534;Data © OpenStreetMap contributors, ODbL 1.0. http://osm.org/copyright;2026-09-15;
LOC-0013;Город Москва, наб.Нагатинская, д. 60 к 2;Москва, Нагатинская набережная, 60к2;55.687915;37.6872923;VERIFIED_BUILDING;BUILDING_CENTROID;OpenStreetMap/Nominatim;way/31649318;60 к2, Нагатинская набережная, Коломенка, район Нагатинский Затон, Москва, Центральный федеральный округ, 115407, Россия;https://www.openstreetmap.org/way/31649318;Data © OpenStreetMap contributors, ODbL 1.0. http://osm.org/copyright;2026-09-15;
LOC-0014;Город Москва, пер.Большой Рогожский, д. 10 к 2;Москва, Большой Рогожский переулок, 10к2;55.7420001;37.6676447;VERIFIED_BUILDING;BUILDING_CENTROID;OpenStreetMap/Nominatim;way/42708936;10 к2, Большой Рогожский переулок, Таганский район, Москва, Центральный федеральный округ, 109147, Россия;https://www.openstreetmap.org/way/42708936;Data © OpenStreetMap contributors, ODbL 1.0. http://osm.org/copyright;2026-09-15;
LOC-0015;Город Москва, пер.Маяковского, д. 2;Москва, Маяковского переулок, 2;55.7397743;37.6599082;VERIFIED_BUILDING;BUILDING_CENTROID;OpenStreetMap/Nominatim;way/47572180;2, переулок Маяковского, Таганский район, Москва, Центральный федеральный округ, 109147, Россия;https://www.openstreetmap.org/way/47572180;Data © OpenStreetMap contributors, ODbL 1.0. http://osm.org/copyright;2026-09-15;
LOC-0016;Город Москва, пер.Ослябинский, д. 3;Москва, Ослябинский переулок, 3;55.7131672;37.6603865;VERIFIED_BUILDING;BUILDING_CENTROID;OpenStreetMap/Nominatim;way/93948554;3, Ослябинский переулок, Даниловский район, Москва, Центральный федеральный округ, 115280, Россия;https://www.openstreetmap.org/way/93948554;Data © OpenStreetMap contributors, ODbL 1.0. http://osm.org/copyright;2026-09-15;
LOC-0017;Город Москва, пр-кт.60-летия Октября, д. 17;Москва, проспект 60-летия Октября, 17;55.6953306;37.5798241;VERIFIED_BUILDING;BUILDING_CENTROID;OpenStreetMap/Nominatim;relation/17746841;17, проспект 60-летия Октября, Академический район, Москва, Центральный федеральный округ, 117312, Россия;https://www.openstreetmap.org/relation/17746841;Data © OpenStreetMap contributors, ODbL 1.0. http://osm.org/copyright;2026-09-15;
LOC-0018;Город Москва, пр-кт.60-летия Октября, д. 18 к 2;Москва, проспект 60-летия Октября, 18к2;55.6894338;37.573364;VERIFIED_BUILDING;BUILDING_CENTROID;OpenStreetMap/Nominatim;way/35074116;18 к2, проспект 60-летия Октября, Академический район, Москва, Центральный федеральный округ, 117036, Россия;https://www.openstreetmap.org/way/35074116;Data © OpenStreetMap contributors, ODbL 1.0. http://osm.org/copyright;2026-09-15;
LOC-0019;Город Москва, пр-кт.Балаклавский, д. 20 к 4;Москва, Балаклавский проспект, 20к4;55.6423446;37.5959185;VERIFIED_BUILDING;BUILDING_CENTROID;OpenStreetMap/Nominatim;way/28835245;20 к4, Балаклавский проспект, район Зюзино, Москва, Центральный федеральный округ, 117452, Россия;https://www.openstreetmap.org/way/28835245;Data © OpenStreetMap contributors, ODbL 1.0. http://osm.org/copyright;2026-09-15;
LOC-0020;Город Москва, пр-кт.Балаклавский, д. 50;Москва, Балаклавский проспект, 50;55.6494293;37.5705283;VERIFIED_BUILDING;BUILDING_CENTROID;OpenStreetMap/Nominatim;way/29096508;50, Балаклавский проспект, район Зюзино, Москва, Центральный федеральный округ, 117461, Россия;https://www.openstreetmap.org/way/29096508;Data © OpenStreetMap contributors, ODbL 1.0. http://osm.org/copyright;2026-09-15;
LOC-0021;Город Москва, пр-кт.Волгоградский, д. 128 к 5;Москва, Волгоградский проспект, 128к5;55.700846;37.7822191;VERIFIED_BUILDING;BUILDING_CENTROID;OpenStreetMap/Nominatim;way/41192231;128 к5, Волгоградский проспект (дублёр), район Кузьминки, Москва, Центральный федеральный округ, 109439, Россия;https://www.openstreetmap.org/way/41192231;Data © OpenStreetMap contributors, ODbL 1.0. http://osm.org/copyright;2026-09-15;
LOC-0022;Город Москва, пр-кт.Волгоградский, д. 97 к 1;Москва, Волгоградский проспект, 97к1;55.7078213;37.7518635;VERIFIED_BUILDING;BUILDING_CENTROID;OpenStreetMap/Nominatim;way/29429649;97 к1, Волгоградский проспект (дублёр), район Кузьминки, Москва, Центральный федеральный округ, 109117, Россия;https://www.openstreetmap.org/way/29429649;Data © OpenStreetMap contributors, ODbL 1.0. http://osm.org/copyright;2026-09-15;
LOC-0023;Город Москва, пр-кт.Нахимовский, д. 50;Москва, Нахимовский проспект, 50;55.6807498;37.5590236;VERIFIED_BUILDING;BUILDING_CENTROID;OpenStreetMap/Nominatim;way/29093499;50, Нахимовский проспект, Академический район, Москва, Центральный федеральный округ, 117292, Россия;https://www.openstreetmap.org/way/29093499;Data © OpenStreetMap contributors, ODbL 1.0. http://osm.org/copyright;2026-09-15;
LOC-0024;Город Москва, пр-кт.Пролетарский, д. 14А;Москва, Пролетарский проспект, 14А;55.6360111;37.6533634;VERIFIED_BUILDING;BUILDING_CENTROID;OpenStreetMap/Nominatim;way/1282733971;14А, Пролетарский проспект, район Царицыно, Москва, Центральный федеральный округ, 115447, Россия;https://www.openstreetmap.org/way/1282733971;Data © OpenStreetMap contributors, ODbL 1.0. http://osm.org/copyright;2026-09-15;
LOC-0025;Город Москва, пр-кт.Пролетарский, д. 18 к 4;Москва, Пролетарский проспект, 18к4;55.6338547;37.6538396;VERIFIED_BUILDING;BUILDING_CENTROID;OpenStreetMap/Nominatim;way/31025590;18 к4, Пролетарский проспект, район Царицыно, Москва, Центральный федеральный округ, 115447, Россия;https://www.openstreetmap.org/way/31025590;Data © OpenStreetMap contributors, ODbL 1.0. http://osm.org/copyright;2026-09-15;
LOC-0026;Город Москва, пр-кт.Рязанский, д. 73;Москва, Рязанский проспект, 73;55.7184554;37.7902547;VERIFIED_BUILDING;BUILDING_CENTROID;OpenStreetMap/Nominatim;way/29430174;73, Рязанский проспект, Рязанский район, Москва, Центральный федеральный округ, 109456, Россия;https://www.openstreetmap.org/way/29430174;Data © OpenStreetMap contributors, ODbL 1.0. http://osm.org/copyright;2026-09-15;
LOC-0027;Город Москва, пр-кт.Севастопольский, д. 9 к 1;Москва, Севастопольский проспект, 9к1;55.6911832;37.6075362;VERIFIED_BUILDING;BUILDING_CENTROID;OpenStreetMap/Nominatim;way/620857854;9 к1, Севастопольский проспект, Канатчиково, Донской район, Москва, Центральный федеральный округ, 117152, Россия;https://www.openstreetmap.org/way/620857854;Data © OpenStreetMap contributors, ODbL 1.0. http://osm.org/copyright;2026-09-15;
LOC-0028;Город Москва, проезд.3-й Павелецкий, д. 7 к 2;Москва, 3-й Павелецкий проезд, 7к2;55.710645;37.6418372;VERIFIED_BUILDING;BUILDING_CENTROID;OpenStreetMap/Nominatim;way/46491793;7 к2, 3-й Павелецкий проезд, Даниловский район, Москва, Центральный федеральный округ, 115114, Россия;https://www.openstreetmap.org/way/46491793;Data © OpenStreetMap contributors, ODbL 1.0. http://osm.org/copyright;2026-09-15;
LOC-0029;Город Москва, проезд.3-й Павелецкий, д. 9;Москва, 3-й Павелецкий проезд, 9;55.7107376;37.6405504;VERIFIED_BUILDING;BUILDING_CENTROID;OpenStreetMap/Nominatim;way/46491840;9, 3-й Павелецкий проезд, Даниловский район, Москва, Центральный федеральный округ, 115114, Россия;https://www.openstreetmap.org/way/46491840;Data © OpenStreetMap contributors, ODbL 1.0. http://osm.org/copyright;2026-09-15;
LOC-0030;Город Москва, проезд.Борисовский, д. 44 к 3;Москва, Борисовский проезд, 44к3;55.6144125;37.7226952;VERIFIED_BUILDING;BUILDING_CENTROID;OpenStreetMap/Nominatim;way/38964473;44 к3, Борисовский проезд, район Орехово-Борисово Северное, Москва, Центральный федеральный округ, 115563, Россия;https://www.openstreetmap.org/way/38964473;Data © OpenStreetMap contributors, ODbL 1.0. http://osm.org/copyright;2026-09-15;
LOC-0031;Город Москва, проезд.Востряковский, д. 15 к 2;Москва, Востряковский проезд, 15к2;55.5760549;37.6461681;VERIFIED_BUILDING;BUILDING_CENTROID;OpenStreetMap/Nominatim;way/81662250;15 к2, Востряковский проезд, район Бирюлёво Западное, Москва, Центральный федеральный округ, 117546, Россия;https://www.openstreetmap.org/way/81662250;Data © OpenStreetMap contributors, ODbL 1.0. http://osm.org/copyright;2026-09-15;
LOC-0032;Город Москва, проезд.Востряковский, д. 15 к 4;Москва, Востряковский проезд, 15к4;55.5768738;37.6492402;VERIFIED_BUILDING;BUILDING_CENTROID;OpenStreetMap/Nominatim;way/31667736;15 к4, Востряковский проезд, район Бирюлёво Западное, Москва, Центральный федеральный округ, 117403, Россия;https://www.openstreetmap.org/way/31667736;Data © OpenStreetMap contributors, ODbL 1.0. http://osm.org/copyright;2026-09-15;
LOC-0033;Город Москва, проезд.Гурьевский, д. 19 к 2;Москва, Гурьевский проезд, 19к2;55.607134;37.7503407;VERIFIED_BUILDING;BUILDING_CENTROID;OpenStreetMap/Nominatim;way/37214101;19 к2, Гурьевский проезд, район Орехово-Борисово Южное, Москва, Центральный федеральный округ, 115597, Россия;https://www.openstreetmap.org/way/37214101;Data © OpenStreetMap contributors, ODbL 1.0. http://osm.org/copyright;2026-09-15;
LOC-0034;Город Москва, проезд.Гурьевский, д. 23 к 1;Москва, Гурьевский проезд, 23к1;55.6074243;37.7536622;VERIFIED_BUILDING;BUILDING_CENTROID;OpenStreetMap/Nominatim;way/37214100;23 к1, Гурьевский проезд, район Орехово-Борисово Южное, Москва, Центральный федеральный округ, 115597, Россия;https://www.openstreetmap.org/way/37214100;Data © OpenStreetMap contributors, ODbL 1.0. http://osm.org/copyright;2026-09-15;
LOC-0035;Город Москва, проезд.Загорьевский, д. 7 к 2;Москва, Загорьевский проезд, 7к2;55.574132;37.6663646;VERIFIED_BUILDING;BUILDING_CENTROID;OpenStreetMap/Nominatim;way/32632165;7 к2, Загорьевский проезд, район Бирюлёво Восточное, Москва, Центральный федеральный округ, 115547, Россия;https://www.openstreetmap.org/way/32632165;Data © OpenStreetMap contributors, ODbL 1.0. http://osm.org/copyright;2026-09-15;
LOC-0036;Город Москва, проезд.Загорьевский, д. 9;Москва, Загорьевский проезд, 9;55.5780853;37.6775523;VERIFIED_BUILDING;BUILDING_CENTROID;OpenStreetMap/Nominatim;way/32632205;9, Загорьевский проезд, район Бирюлёво Восточное, Москва, Центральный федеральный округ, 115598, Россия;https://www.openstreetmap.org/way/32632205;Data © OpenStreetMap contributors, ODbL 1.0. http://osm.org/copyright;2026-09-15;
LOC-0037;Город Москва, проезд.Коломенский, д. 27 к 3;Москва, Коломенский проезд, 27к3;55.6688423;37.658283;VERIFIED_BUILDING;BUILDING_CENTROID;OpenStreetMap/Nominatim;way/31663887;27 к3, Коломенский проезд, район Нагатино-Садовники, Москва, Центральный федеральный округ, 115487, Россия;https://www.openstreetmap.org/way/31663887;Data © OpenStreetMap contributors, ODbL 1.0. http://osm.org/copyright;2026-09-15;
LOC-0038;Город Москва, проезд.Ореховый, д. 23 к 1;Москва, Ореховый проезд, 23к1;55.6228247;37.7313782;VERIFIED_BUILDING;BUILDING_CENTROID;OpenStreetMap/Nominatim;way/27644586;23 к1, Ореховый проезд, район Зябликово, Москва, Центральный федеральный округ, 115573, Россия;https://www.openstreetmap.org/way/27644586;Data © OpenStreetMap contributors, ODbL 1.0. http://osm.org/copyright;2026-09-15;
LOC-0039;Город Москва, проезд.Ореховый, д. 41;Москва, Ореховый проезд, 41;55.6165342;37.7307244;VERIFIED_BUILDING;BUILDING_CENTROID;OpenStreetMap/Nominatim;way/27256562;41, Ореховый проезд, район Зябликово, Москва, Центральный федеральный округ, 115573, Россия;https://www.openstreetmap.org/way/27256562;Data © OpenStreetMap contributors, ODbL 1.0. http://osm.org/copyright;2026-09-15;
LOC-0040;Город Москва, проезд.Ферганский, д. 7 к 5;Москва, Ферганский проезд, 7к5;55.6940635;37.8248567;VERIFIED_BUILDING;BUILDING_CENTROID;OpenStreetMap/Nominatim;way/85475174;7 к5, Ферганский проезд, район Выхино-Жулебино, Москва, Центральный федеральный округ, 109507, Россия;https://www.openstreetmap.org/way/85475174;Data © OpenStreetMap contributors, ODbL 1.0. http://osm.org/copyright;2026-09-15;
LOC-0041;Город Москва, проезд.Шипиловский, д. 59 к 2;Москва, Шипиловский проезд, 59к2;55.6060564;37.7067109;VERIFIED_BUILDING;BUILDING_CENTROID;OpenStreetMap/Nominatim;way/29349677;59 к2, Шипиловский проезд, район Орехово-Борисово Южное, Москва, Центральный федеральный округ, 115191, Россия;https://www.openstreetmap.org/way/29349677;Data © OpenStreetMap contributors, ODbL 1.0. http://osm.org/copyright;2026-09-15;
LOC-0042;Город Москва, ул.1-я Дубровская, д. 6;Москва, 1-я Дубровская улица, 6;55.7267393;37.6695609;VERIFIED_BUILDING;BUILDING_CENTROID;OpenStreetMap/Nominatim;way/27575787;6, 1-я Дубровская улица, Южнопортовый район, Москва, Центральный федеральный округ, 121357, Россия;https://www.openstreetmap.org/way/27575787;Data © OpenStreetMap contributors, ODbL 1.0. http://osm.org/copyright;2026-09-15;
LOC-0043;Город Москва, ул.1-я Новокузьминская, д. 16 к 1;Москва, 1-я Новокузьминская улица, 16к1;55.714359;37.7897959;VERIFIED_BUILDING;BUILDING_CENTROID;OpenStreetMap/Nominatim;way/27191101;16 к1, 1-я Новокузьминская улица, Рязанский район, Москва, Центральный федеральный округ, 109377, Россия;https://www.openstreetmap.org/way/27191101;Data © OpenStreetMap contributors, ODbL 1.0. http://osm.org/copyright;2026-09-15;
LOC-0044;Город Москва, ул.11-я Текстильщиков, д. 10;Москва, 11-я улица Текстильщиков, 10;55.706885;37.7431987;VERIFIED_BUILDING;BUILDING_CENTROID;OpenStreetMap/Nominatim;way/29502704;10, 11-я улица Текстильщиков, район Текстильщики, Москва, Центральный федеральный округ, 109129, Россия;https://www.openstreetmap.org/way/29502704;Data © OpenStreetMap contributors, ODbL 1.0. http://osm.org/copyright;2026-09-15;
LOC-0045;Город Москва, ул.2-я Рощинская, д. 11;Москва, 2-я Рощинская улица, 11;55.7092888;37.6125848;VERIFIED_BUILDING;BUILDING_CENTROID;OpenStreetMap/Nominatim;way/594548243;11, 2-я Рощинская улица, Даниловский район, Москва, Центральный федеральный округ, 115191, Россия;https://www.openstreetmap.org/way/594548243;Data © OpenStreetMap contributors, ODbL 1.0. http://osm.org/copyright;2026-09-15;
LOC-0046;Город Москва, ул.2-я Синичкина, д. 9 к 1;Москва, 2-я Синичкина улица, 9к1;55.76264;37.7130584;VERIFIED_BUILDING;BUILDING_CENTROID;OpenStreetMap/Nominatim;way/56008420;9 к1, 2-я улица Синичкина, район Лефортово, Москва, Центральный федеральный округ, 111020, Россия;https://www.openstreetmap.org/way/56008420;Data © OpenStreetMap contributors, ODbL 1.0. http://osm.org/copyright;2026-09-15;
LOC-0047;Город Москва, ул.3-я Институтская, д. 5 к 2;Москва, 3-я Институтская улица, 5к2;55.7219922;37.7821899;VERIFIED_BUILDING;BUILDING_CENTROID;OpenStreetMap/Nominatim;way/149801047;5 к2, 3-я Институтская улица, Рязанский район, Москва, Центральный федеральный округ, 109456, Россия;https://www.openstreetmap.org/way/149801047;Data © OpenStreetMap contributors, ODbL 1.0. http://osm.org/copyright;2026-09-15;
LOC-0048;Город Москва, ул.3-я Карачаровская, д. 4 к 1;Москва, 3-я Карачаровская улица, 4к1;55.7337571;37.7445677;VERIFIED_BUILDING;BUILDING_CENTROID;OpenStreetMap/Nominatim;way/166416385;4 к1, 3-я Карачаровская улица, Карачарово, Нижегородский район, Москва, Центральный федеральный округ, 109202, Россия;https://www.openstreetmap.org/way/166416385;Data © OpenStreetMap contributors, ODbL 1.0. http://osm.org/copyright;2026-09-15;
LOC-0049;Город Москва, ул.3-я Карачаровская, д. 8 к 2;Москва, 3-я Карачаровская улица, 8к2;55.7333702;37.7471726;VERIFIED_BUILDING;BUILDING_CENTROID;OpenStreetMap/Nominatim;way/108076448;8 к2, 3-я Карачаровская улица, Карачарово, Нижегородский район, Москва, Центральный федеральный округ, 109202, Россия;https://www.openstreetmap.org/way/108076448;Data © OpenStreetMap contributors, ODbL 1.0. http://osm.org/copyright;2026-09-15;
LOC-0050;Город Москва, ул.6-я Радиальная, д. 5 к 3;Москва, 6-я Радиальная улица, 5к3;55.6048694;37.6607974;VERIFIED_BUILDING;BUILDING_CENTROID;OpenStreetMap/Nominatim;way/272950152;5 к3, 6-я Радиальная улица, район Бирюлёво Восточное, Москва, Центральный федеральный округ, 115404, Россия;https://www.openstreetmap.org/way/272950152;Data © OpenStreetMap contributors, ODbL 1.0. http://osm.org/copyright;2026-09-15;
LOC-0051;Город Москва, ул.6-я Радиальная, д. 7/1 к 2;Москва, 6-я Радиальная улица, 7/1к2;55.6037747;37.6510228;VERIFIED_BUILDING;BUILDING_CENTROID;OpenStreetMap/Nominatim;relation/19207962;7/1 к2, 6-я Радиальная улица, район Бирюлёво Восточное, Москва, Центральный федеральный округ, 115404, Россия;https://www.openstreetmap.org/relation/19207962;Data © OpenStreetMap contributors, ODbL 1.0. http://osm.org/copyright;2026-09-15;
LOC-0052;Город Москва, ул.Авиамоторная, д. 14;Москва, Авиамоторная улица, 14;55.7523201;37.7153975;VERIFIED_BUILDING;BUILDING_CENTROID;OpenStreetMap/Nominatim;way/35670845;14, Авиамоторная улица, Дангауэровка, район Лефортово, Москва, Центральный федеральный округ, 101024, Россия;https://www.openstreetmap.org/way/35670845;Data © OpenStreetMap contributors, ODbL 1.0. http://osm.org/copyright;2026-09-15;
LOC-0053;Город Москва, ул.Автозаводская, д. 11;Москва, Автозаводская улица, 11;55.706526;37.6576591;VERIFIED_BUILDING;BUILDING_CENTROID;OpenStreetMap/Nominatim;way/37191303;11, Автозаводская улица, Даниловский район, Москва, Центральный федеральный округ, 115068, Россия;https://www.openstreetmap.org/way/37191303;Data © OpenStreetMap contributors, ODbL 1.0. http://osm.org/copyright;2026-09-15;
LOC-0054;Город Москва, ул.Академика Миллионщикова, д. 13 к 1;Москва, улица Академика Миллионщикова, 13 к1;55.670034;37.64979;VERIFIED_BUILDING;BUILDING_CENTROID;2GIS public map;4504235282606690;улица Академика Миллионщикова, 13 к1;https://2gis.ru/moscow/search/%D0%9C%D0%BE%D1%81%D0%BA%D0%B2%D0%B0%2C%20%D1%83%D0%BB%D0%B8%D1%86%D0%B0%20%D0%90%D0%BA%D0%B0%D0%B4%D0%B5%D0%BC%D0%B8%D0%BA%D0%B0%20%D0%9C%D0%B8%D0%BB%D0%BB%D0%B8%D0%BE%D0%BD%D1%89%D0%B8%D0%BA%D0%BE%D0%B2%D0%B0%2C%2013%20%D0%BA1;"Public map fact; source URL retained for verification";2026-09-15;
LOC-0055;Город Москва, ул.Артюхиной, д. 16;Москва, Артюхиной улица, 16;55.6984967;37.7377998;VERIFIED_BUILDING;BUILDING_CENTROID;OpenStreetMap/Nominatim;way/29502772;16, улица Артюхиной, район Текстильщики, Москва, Центральный федеральный округ, 109390, Россия;https://www.openstreetmap.org/way/29502772;Data © OpenStreetMap contributors, ODbL 1.0. http://osm.org/copyright;2026-09-15;
LOC-0056;Город Москва, ул.Артюхиной, д. 20А;Москва, улица Артюхиной, 20А;55.6972845;37.7365767;VERIFIED_BUILDING;BUILDING_CENTROID;OpenStreetMap/Nominatim;way/43892848;20А, улица Артюхиной, район Текстильщики, Москва, Центральный федеральный округ, 109390, Россия;https://www.openstreetmap.org/way/43892848;Data © OpenStreetMap contributors, ODbL 1.0. http://osm.org/copyright;2026-09-15;
LOC-0057;Город Москва, ул.Артюхиной, д. 3;Москва, Артюхиной улица, 3;55.7029289;37.7378149;VERIFIED_BUILDING;BUILDING_CENTROID;OpenStreetMap/Nominatim;way/29502732;3, улица Артюхиной, район Текстильщики, Москва, Центральный федеральный округ, 109390, Россия;https://www.openstreetmap.org/way/29502732;Data © OpenStreetMap contributors, ODbL 1.0. http://osm.org/copyright;2026-09-15;
LOC-0058;Город Москва, ул.Бирюлёвская, д. 1 к 1;Москва, Бирюлёвская улица, 1к1;55.6020854;37.6653422;VERIFIED_BUILDING;BUILDING_CENTROID;OpenStreetMap/Nominatim;way/28456829;1 к1, Бирюлёвская улица, район Бирюлёво Восточное, Москва, 115404, Россия;https://www.openstreetmap.org/way/28456829;Data © OpenStreetMap contributors, ODbL 1.0;2026-09-15;
LOC-0059;Город Москва, ул.Бирюлёвская, д. 39;Москва, Бирюлёвская улица, 39;55.5881256;37.6658771;VERIFIED_BUILDING;BUILDING_CENTROID;OpenStreetMap/Nominatim;way/32632113;39, Бирюлёвская улица, Бирюлёво, район Бирюлёво Восточное, Москва, Центральный федеральный округ, 115372, Россия;https://www.openstreetmap.org/way/32632113;Data © OpenStreetMap contributors, ODbL 1.0. http://osm.org/copyright;2026-09-15;
LOC-0060;Город Москва, ул.Бирюлёвская, д. 58 к 3;Москва, Бирюлёвская улица, 58к3;55.5806701;37.6681476;VERIFIED_BUILDING;BUILDING_CENTROID;OpenStreetMap/Nominatim;way/31668009;58 к3, Бирюлёвская улица, район Бирюлёво Восточное, Москва, Центральный федеральный округ, 115372, Россия;https://www.openstreetmap.org/way/31668009;Data © OpenStreetMap contributors, ODbL 1.0. http://osm.org/copyright;2026-09-15;
LOC-0061;Город Москва, ул.Болотниковская, д. 9 к 2;Москва, Болотниковская улица, 9к2;55.655272;37.6095951;VERIFIED_BUILDING;BUILDING_CENTROID;OpenStreetMap/Nominatim;way/36743688;9 к2, Болотниковская улица, Нагорный район, Москва, Центральный федеральный округ, 117556, Россия;https://www.openstreetmap.org/way/36743688;Data © OpenStreetMap contributors, ODbL 1.0. http://osm.org/copyright;2026-09-15;
LOC-0062;Город Москва, ул.Большая Калитниковская, д. 38;Москва, Большая Калитниковская улица, 38;55.7361675;37.6862063;VERIFIED_BUILDING;BUILDING_CENTROID;OpenStreetMap/Nominatim;way/42708992;38, Большая Калитниковская улица, Таганский район, Москва, Центральный федеральный округ, 109029, Россия;https://www.openstreetmap.org/way/42708992;Data © OpenStreetMap contributors, ODbL 1.0. http://osm.org/copyright;2026-09-15;
LOC-0063;Город Москва, ул.Большая Пионерская, д. 33 к 2;Москва, Большая Пионерская улица, 33к2;55.7261963;37.6351637;VERIFIED_BUILDING;BUILDING_CENTROID;OpenStreetMap/Nominatim;way/39577892;33 к2, Большая Пионерская улица, район Замоскворечье, Москва, Центральный федеральный округ, 115054, Россия;https://www.openstreetmap.org/way/39577892;Data © OpenStreetMap contributors, ODbL 1.0. http://osm.org/copyright;2026-09-15;
LOC-0064;Город Москва, ул.Большая Серпуховская, д. 31 к 6;Москва, Большая Серпуховская улица, 31к6;55.7233901;37.6286049;VERIFIED_BUILDING;BUILDING_CENTROID;OpenStreetMap/Nominatim;way/43539381;31 к6, Большая Серпуховская улица, район Замоскворечье, Москва, Центральный федеральный округ, 115093, Россия;https://www.openstreetmap.org/way/43539381;Data © OpenStreetMap contributors, ODbL 1.0. http://osm.org/copyright;2026-09-15;
LOC-0065;Город Москва, ул.Борисовские Пруды, д. 20 к 1;Москва, Борисовские Пруды улица, 20к1;55.6379834;37.7518423;VERIFIED_BUILDING;BUILDING_CENTROID;OpenStreetMap/Nominatim;way/157165355;20 к1, улица Борисовские Пруды, район Братеево, Москва, Центральный федеральный округ, 115612, Россия;https://www.openstreetmap.org/way/157165355;Data © OpenStreetMap contributors, ODbL 1.0. http://osm.org/copyright;2026-09-15;
LOC-0066;Город Москва, ул.Борисовские Пруды, д. 48 к 2;Москва, Борисовские Пруды улица, 48к2;55.6418225;37.7747995;VERIFIED_BUILDING;BUILDING_CENTROID;OpenStreetMap/Nominatim;way/46582760;48 к2, улица Борисовские Пруды, район Братеево, Москва, Центральный федеральный округ, 109469, Россия;https://www.openstreetmap.org/way/46582760;Data © OpenStreetMap contributors, ODbL 1.0. http://osm.org/copyright;2026-09-15;
LOC-0067;Город Москва, ул.Боровая, д. 12;Москва, Боровая улица, 12;55.770292;37.7147651;VERIFIED_BUILDING;BUILDING_CENTROID;OpenStreetMap/Nominatim;way/658517538;12, Боровая улица, район Лефортово, Москва, Центральный федеральный округ, 111020, Россия;https://www.openstreetmap.org/way/658517538;Data © OpenStreetMap contributors, ODbL 1.0. http://osm.org/copyright;2026-09-15;
LOC-0068;Город Москва, ул.Боровая, д. 14;Москва, Боровая улица, 14;55.7693914;37.7156999;VERIFIED_BUILDING;BUILDING_CENTROID;OpenStreetMap/Nominatim;way/74747142;14, Боровая улица, район Лефортово, Москва, Центральный федеральный округ, 111020, Россия;https://www.openstreetmap.org/way/74747142;Data © OpenStreetMap contributors, ODbL 1.0. http://osm.org/copyright;2026-09-15;
LOC-0069;Город Москва, ул.Братеевская, д. 16 к 1;Москва, Братеевская улица, 16к1;55.6343465;37.7658937;VERIFIED_BUILDING;BUILDING_CENTROID;OpenStreetMap/Nominatim;relation/12321677;16 к1, Братеевская улица, район Братеево, Москва, Центральный федеральный округ, 115408, Россия;https://www.openstreetmap.org/relation/12321677;Data © OpenStreetMap contributors, ODbL 1.0. http://osm.org/copyright;2026-09-15;
LOC-0070;Город Москва, ул.Братеевская, д. 18 к 1;Москва, Братеевская улица, 18к1;55.6362442;37.7692583;VERIFIED_BUILDING;BUILDING_CENTROID;OpenStreetMap/Nominatim;way/46582743;18 к1, Братеевская улица, район Братеево, Москва, Центральный федеральный округ, 115408, Россия;https://www.openstreetmap.org/way/46582743;Data © OpenStreetMap contributors, ODbL 1.0. http://osm.org/copyright;2026-09-15;
LOC-0071;Город Москва, ул.Бронницкая, д. 12;Москва, Бронницкая улица, 12;55.7314152;37.759554;VERIFIED_BUILDING;BUILDING_CENTROID;OpenStreetMap/Nominatim;way/45897303;12, Бронницкая улица, Карачарово, Нижегородский район, Москва, Центральный федеральный округ, 109202, Россия;https://www.openstreetmap.org/way/45897303;Data © OpenStreetMap contributors, ODbL 1.0. http://osm.org/copyright;2026-09-15;
LOC-0072;Город Москва, ул.Булатниковская, д. 4 к 1;Москва, Булатниковская улица, 4к1;55.5812013;37.6475142;VERIFIED_BUILDING;BUILDING_CENTROID;OpenStreetMap/Nominatim;way/31667668;4 к1, Булатниковская улица, район Бирюлёво Западное, Москва, Центральный федеральный округ, 117403, Россия;https://www.openstreetmap.org/way/31667668;Data © OpenStreetMap contributors, ODbL 1.0. http://osm.org/copyright;2026-09-15;
LOC-0073;Город Москва, ул.Весёлая, д. 33 к 7;Москва, Весёлая улица, 33к7;55.6235129;37.6631328;VERIFIED_BUILDING;BUILDING_CENTROID;OpenStreetMap/Nominatim;way/39532108;33 к7, Весёлая улица, район Царицыно, Москва, Центральный федеральный округ, 115516, Россия;https://www.openstreetmap.org/way/39532108;Data © OpenStreetMap contributors, ODbL 1.0. http://osm.org/copyright;2026-09-15;
LOC-0074;Город Москва, ул.Винокурова, д. 12 к 4;Москва, Винокурова улица, 12к4;55.6854662;37.5883596;VERIFIED_BUILDING;BUILDING_CENTROID;OpenStreetMap/Nominatim;way/35667907;12 к4, улица Винокурова, Академический район, Москва, Центральный федеральный округ, 117447, Россия;https://www.openstreetmap.org/way/35667907;Data © OpenStreetMap contributors, ODbL 1.0. http://osm.org/copyright;2026-09-15;
LOC-0075;Город Москва, ул.Винокурова, д. 5/6 к 2;Москва, Винокурова улица, 5/6к2;55.6898618;37.5850112;VERIFIED_BUILDING;BUILDING_CENTROID;OpenStreetMap/Nominatim;way/30385588;5/6 к2, улица Винокурова, Академический район, Москва, Центральный федеральный округ, 117449, Россия;https://www.openstreetmap.org/way/30385588;Data © OpenStreetMap contributors, ODbL 1.0. http://osm.org/copyright;2026-09-15;
LOC-0076;Город Москва, ул.Восточная, д. 2 к 2;Москва, Восточная улица, 2к2;55.7169675;37.6604783;VERIFIED_BUILDING;BUILDING_CENTROID;OpenStreetMap/Nominatim;way/23414806;2 к2, Восточная улица, Даниловский район, Москва, Центральный федеральный округ, 115280, Россия;https://www.openstreetmap.org/way/23414806;Data © OpenStreetMap contributors, ODbL 1.0. http://osm.org/copyright;2026-09-15;
LOC-0077;Город Москва, ул.Генерала Белова, д. 45 к 2;Москва, Генерала Белова улица, 45к2;55.6072105;37.7261342;VERIFIED_BUILDING;BUILDING_CENTROID;OpenStreetMap/Nominatim;way/27178099;45 к2, улица Генерала Белова, район Орехово-Борисово Южное, Москва, Центральный федеральный округ, 109387, Россия;https://www.openstreetmap.org/way/27178099;Data © OpenStreetMap contributors, ODbL 1.0. http://osm.org/copyright;2026-09-15;
LOC-0078;Город Москва, ул.Городская, д. 9;Москва, Городская улица, 9;55.7150778;37.6180122;VERIFIED_BUILDING;BUILDING_CENTROID;OpenStreetMap/Nominatim;way/45820295;9, Городская улица, Даниловский район, Москва, Центральный федеральный округ, 115162, Россия;https://www.openstreetmap.org/way/45820295;Data © OpenStreetMap contributors, ODbL 1.0. http://osm.org/copyright;2026-09-15;
LOC-0079;Город Москва, ул.Грайвороновская, д. 10 к 2;Москва, Грайвороновская улица, 10к2;55.7183547;37.7319259;VERIFIED_BUILDING;BUILDING_CENTROID;OpenStreetMap/Nominatim;way/30858926;10 к2, Грайвороновская улица, район Текстильщики, Москва, Центральный федеральный округ, 109518, Россия;https://www.openstreetmap.org/way/30858926;Data © OpenStreetMap contributors, ODbL 1.0. http://osm.org/copyright;2026-09-15;
LOC-0080;Город Москва, ул.Дмитрия Ульянова, д. 27;Москва, Дмитрия Ульянова улица, 27;55.6858472;37.5809496;VERIFIED_BUILDING;BUILDING_CENTROID;OpenStreetMap/Nominatim;way/479848327;27, улица Дмитрия Ульянова, Академический район, Москва, Центральный федеральный округ, 117218, Россия;https://www.openstreetmap.org/way/479848327;Data © OpenStreetMap contributors, ODbL 1.0. http://osm.org/copyright;2026-09-15;
LOC-0081;Город Москва, ул.Домодедовская, д. 31;Москва, Домодедовская улица, 31;55.6039003;37.7161258;VERIFIED_BUILDING;BUILDING_CENTROID;OpenStreetMap/Nominatim;way/28132240;31, Домодедовская улица, район Орехово-Борисово Южное, Москва, Центральный федеральный округ, 127474, Россия;https://www.openstreetmap.org/way/28132240;Data © OpenStreetMap contributors, ODbL 1.0. http://osm.org/copyright;2026-09-15;
LOC-0082;Город Москва, ул.Дубининская, д. 59 к 2;Москва, Дубининская улица, 59 к2;55.719742;37.637204;VERIFIED_SITE;SITE_CENTROID;2GIS public map;70000001088745753;Дубининская улица, вл59;https://2gis.ru/moscow/search/%D0%9C%D0%BE%D1%81%D0%BA%D0%B2%D0%B0%2C%20%D0%94%D1%83%D0%B1%D0%B8%D0%BD%D0%B8%D0%BD%D1%81%D0%BA%D0%B0%D1%8F%20%D1%83%D0%BB%D0%B8%D1%86%D0%B0%2C%2059%20%D0%BA2;"Public map fact; source URL retained for verification";2026-09-15;"Исходное здание демонтировано; адрес относится к участку редевелопмента. Для маршрутизации используется центроид адресного участка, а не несуществующего здания."
LOC-0083;Город Москва, ул.Ереванская, д. 29;Москва, Ереванская улица, 29;55.629584;37.6790583;VERIFIED_BUILDING;BUILDING_CENTROID;OpenStreetMap/Nominatim;way/27645287;29, Ереванская улица, район Царицыно, Москва, Центральный федеральный округ, 115304, Россия;https://www.openstreetmap.org/way/27645287;Data © OpenStreetMap contributors, ODbL 1.0. http://osm.org/copyright;2026-09-15;
LOC-0084;Город Москва, ул.Зарайская, д. 51 к 2;Москва, Зарайская улица, 51к2;55.7279678;37.7772242;VERIFIED_BUILDING;BUILDING_CENTROID;OpenStreetMap/Nominatim;way/30799685;51 к2, Зарайская улица, Рязанский район, Москва, Центральный федеральный округ, 109428, Россия;https://www.openstreetmap.org/way/30799685;Data © OpenStreetMap contributors, ODbL 1.0. http://osm.org/copyright;2026-09-15;
LOC-0085;Город Москва, ул.Затонная, д. 11 к 3;Москва, Затонная улица, 11к3;55.6790858;37.6884067;VERIFIED_BUILDING;BUILDING_CENTROID;OpenStreetMap/Nominatim;way/30858014;11 к3, Затонная улица, Нагатино, Коломенка, район Нагатинский Затон, Москва, Центральный федеральный округ, 115407, Россия;https://www.openstreetmap.org/way/30858014;Data © OpenStreetMap contributors, ODbL 1.0. http://osm.org/copyright;2026-09-15;
LOC-0086;Город Москва, ул.Затонная, д. 12 к 1;Москва, Затонная улица, 12к1;55.6771232;37.6857562;VERIFIED_BUILDING;BUILDING_CENTROID;OpenStreetMap/Nominatim;way/31650128;12 к1, Затонная улица, Нагатино, Коломенка, район Нагатинский Затон, Москва, Центральный федеральный округ, 115407, Россия;https://www.openstreetmap.org/way/31650128;Data © OpenStreetMap contributors, ODbL 1.0. http://osm.org/copyright;2026-09-15;
LOC-0087;Город Москва, ул.Зеленодольская, д. 28Б;Москва, Зеленодольская улица, 28Б;55.7118436;37.7708367;VERIFIED_BUILDING;BUILDING_CENTROID;OpenStreetMap/Nominatim;way/1370389344;28Б, Зеленодольская улица, район Кузьминки, Москва, Центральный федеральный округ, 109457, Россия;https://www.openstreetmap.org/way/1370389344;Data © OpenStreetMap contributors, ODbL 1.0. http://osm.org/copyright;2026-09-15;
LOC-0088;Город Москва, ул.Зеленодольская, д. 32 к 1;Москва, Зенодольская улица, 32к1;55.7104451;37.7691714;VERIFIED_BUILDING;BUILDING_CENTROID;OpenStreetMap/Nominatim;way/620857822;32 к1, Зеленодольская улица, район Кузьминки, Москва, 109443, Россия;https://www.openstreetmap.org/way/620857822;Data © OpenStreetMap contributors, ODbL 1.0;2026-09-15;
LOC-0089;Город Москва, ул.Земляной Вал, д. 24/30 стр. 1;Москва, Земляной Вал улица, 24/30с1;55.7586892;37.6571501;VERIFIED_BUILDING;BUILDING_CENTROID;OpenStreetMap/Nominatim;way/53071749;24/30 с1, улица Земляной Вал, Бауманка, Басманный район, Москва, Центральный федеральный округ, 105064, Россия;https://www.openstreetmap.org/way/53071749;Data © OpenStreetMap contributors, ODbL 1.0. http://osm.org/copyright;2026-09-15;
LOC-0090;Город Москва, ул.Кантемировская, д. 5 к 2;Москва, Кантемировская улица, 5к2;55.6351144;37.6773965;VERIFIED_BUILDING;BUILDING_CENTROID;OpenStreetMap/Nominatim;way/31024681;5 к2, Кантемировская улица, район Царицыно, Москва, Центральный федеральный округ, 115409, Россия;https://www.openstreetmap.org/way/31024681;Data © OpenStreetMap contributors, ODbL 1.0. http://osm.org/copyright;2026-09-15;
LOC-0091;Город Москва, ул.Каховка, д. 7 к 1;Москва, Каховка улица, 7к1;55.6510015;37.5899929;VERIFIED_BUILDING;BUILDING_CENTROID;OpenStreetMap/Nominatim;way/29277621;7 к1, улица Каховка, район Зюзино, Москва, Центральный федеральный округ, 117303, Россия;https://www.openstreetmap.org/way/29277621;Data © OpenStreetMap contributors, ODbL 1.0. http://osm.org/copyright;2026-09-15;
LOC-0092;Город Москва, ул.Керченская, д. 10 к 2;Москва, Керченская улица, 10к2;55.6556242;37.5816709;VERIFIED_BUILDING;BUILDING_CENTROID;OpenStreetMap/Nominatim;way/29277583;10 к2, Керченская улица, район Зюзино, Москва, Центральный федеральный округ, 117209, Россия;https://www.openstreetmap.org/way/29277583;Data © OpenStreetMap contributors, ODbL 1.0. http://osm.org/copyright;2026-09-15;
LOC-0093;Город Москва, ул.Керченская, д. 6 к 2;Москва, Керченская улица, 6к2;55.6572931;37.583089;VERIFIED_BUILDING;BUILDING_CENTROID;OpenStreetMap/Nominatim;way/29277545;6 к2, Керченская улица, район Зюзино, Москва, Центральный федеральный округ, 117209, Россия;https://www.openstreetmap.org/way/29277545;Data © OpenStreetMap contributors, ODbL 1.0. http://osm.org/copyright;2026-09-15;
LOC-0094;Город Москва, ул.Коломенская, д. 21;Москва, Коломенская улица, 21;55.6777277;37.6943031;VERIFIED_BUILDING;BUILDING_CENTROID;OpenStreetMap/Nominatim;way/31650144;21, Коломенская улица, Коломенка, район Нагатинский Затон, Москва, Центральный федеральный округ, 115142, Россия;https://www.openstreetmap.org/way/31650144;Data © OpenStreetMap contributors, ODbL 1.0. http://osm.org/copyright;2026-09-15;
LOC-0095;Город Москва, ул.Коломенская, д. 5;Москва, Коломенская улица, 5;55.6821727;37.704796;VERIFIED_BUILDING;BUILDING_CENTROID;OpenStreetMap/Nominatim;relation/7748288;5, Коломенская улица, район Нагатинский Затон, Москва, Центральный федеральный округ, 115142, Россия;https://www.openstreetmap.org/relation/7748288;Data © OpenStreetMap contributors, ODbL 1.0. http://osm.org/copyright;2026-09-15;
LOC-0096;Город Москва, ул.Красноказарменная, д. 9Б стр. 1;Москва, Красноказарменная улица, 9Б строение 1;55.758735;37.699531;VERIFIED_BUILDING;BUILDING_CENTROID;2GIS public map;70030076167731661;Красноказарменная улица, вл9Б ст1;https://2gis.ru/moscow/search/%D0%9C%D0%BE%D1%81%D0%BA%D0%B2%D0%B0%2C%20%D0%9A%D1%80%D0%B0%D1%81%D0%BD%D0%BE%D0%BA%D0%B0%D0%B7%D0%B0%D1%80%D0%BC%D0%B5%D0%BD%D0%BD%D0%B0%D1%8F%20%D1%83%D0%BB%D0%B8%D1%86%D0%B0%2C%209%D0%91%20%D1%81%D1%82%D1%80%D0%BE%D0%B5%D0%BD%D0%B8%D0%B5%201;"Public map fact; source URL retained for verification";2026-09-15;
LOC-0097;Город Москва, ул.Кустанайская, д. 8 к 1;Москва, Кустанайская улица, 8к1;55.6188601;37.7516036;VERIFIED_BUILDING;BUILDING_CENTROID;OpenStreetMap/Nominatim;way/40678922;8 к1, Кустанайская улица, район Зябликово, Москва, Центральный федеральный округ, 115682, Россия;https://www.openstreetmap.org/way/40678922;Data © OpenStreetMap contributors, ODbL 1.0. http://osm.org/copyright;2026-09-15;
LOC-0098;Город Москва, ул.Кустанайская, д. 9 к 1;Москва, Кустанайская улица, 9к1;55.6180751;37.7543157;VERIFIED_BUILDING;BUILDING_CENTROID;OpenStreetMap/Nominatim;way/40678953;9 к1, Кустанайская улица, район Зябликово, Москва, Центральный федеральный округ, 115682, Россия;https://www.openstreetmap.org/way/40678953;Data © OpenStreetMap contributors, ODbL 1.0. http://osm.org/copyright;2026-09-15;
LOC-0099;Город Москва, ул.Луганская, д. 1;Москва, Луганская улица, 1;55.6287028;37.6637203;VERIFIED_BUILDING;BUILDING_CENTROID;OpenStreetMap/Nominatim;way/96324767;1, Луганская улица, район Царицыно, Москва, Центральный федеральный округ, 115516, Россия;https://www.openstreetmap.org/way/96324767;Data © OpenStreetMap contributors, ODbL 1.0. http://osm.org/copyright;2026-09-15;
LOC-0100;Город Москва, ул.Луганская, д. 3 к 1;Москва, Луганская улица, 3к1;55.6278364;37.664554;VERIFIED_BUILDING;BUILDING_CENTROID;OpenStreetMap/Nominatim;way/27644920;3 к1, Луганская улица, район Царицыно, Москва, Центральный федеральный округ, 115516, Россия;https://www.openstreetmap.org/way/27644920;Data © OpenStreetMap contributors, ODbL 1.0. http://osm.org/copyright;2026-09-15;
LOC-0101;Город Москва, ул.Луганская, д. 4 к 1;Москва, Луганская улица, 4к1;55.6248172;37.665112;VERIFIED_BUILDING;BUILDING_CENTROID;OpenStreetMap/Nominatim;way/39532109;4 к1, Луганская улица, район Царицыно, Москва, Центральный федеральный округ, 115516, Россия;https://www.openstreetmap.org/way/39532109;Data © OpenStreetMap contributors, ODbL 1.0. http://osm.org/copyright;2026-09-15;
LOC-0102;Город Москва, ул.Люсиновская, д. 4;Москва, Люсиновская улица, 4;55.7273725;37.6224055;VERIFIED_BUILDING;BUILDING_CENTROID;OpenStreetMap/Nominatim;way/43539613;4, Люсиновская улица, район Замоскворечье, Москва, Центральный федеральный округ, 115054, Россия;https://www.openstreetmap.org/way/43539613;Data © OpenStreetMap contributors, ODbL 1.0. http://osm.org/copyright;2026-09-15;
LOC-0103;Город Москва, ул.Малышева, д. 13;Москва, Малышева улица, 13;55.6980379;37.7438382;VERIFIED_BUILDING;BUILDING_CENTROID;OpenStreetMap/Nominatim;way/49398649;13, улица Малышева, район Текстильщики, Москва, Центральный федеральный округ, 109263, Россия;https://www.openstreetmap.org/way/49398649;Data © OpenStreetMap contributors, ODbL 1.0. http://osm.org/copyright;2026-09-15;
LOC-0104;Город Москва, ул.Маршала Захарова, д. 18 к 1;Москва, Маршала Захарова улица, 18к1;55.6204412;37.6958848;VERIFIED_BUILDING;BUILDING_CENTROID;OpenStreetMap/Nominatim;way/31064333;18 к1, улица Маршала Захарова, район Орехово-Борисово Северное, Москва, Центральный федеральный округ, 115569, Россия;https://www.openstreetmap.org/way/31064333;Data © OpenStreetMap contributors, ODbL 1.0. http://osm.org/copyright;2026-09-15;
LOC-0105;Город Москва, ул.Маршала Чуйкова, д. 9 к 2;Москва, Маршала Чуйкова улица, 9к2;55.6971444;37.7620114;VERIFIED_BUILDING;BUILDING_CENTROID;OpenStreetMap/Nominatim;way/162959644;9 к2, улица Маршала Чуйкова, район Кузьминки, Москва, Центральный федеральный округ, 109462, Россия;https://www.openstreetmap.org/way/162959644;Data © OpenStreetMap contributors, ODbL 1.0. http://osm.org/copyright;2026-09-15;
LOC-0106;Город Москва, ул.Машкова, д. 13 стр. 1;Москва, улица Машкова, 13 строение 1;55.764372;37.652092;VERIFIED_BUILDING;BUILDING_CENTROID;2GIS public map;4504235282728106;улица Машкова, 13 ст1;https://2gis.ru/moscow/search/%D0%9C%D0%BE%D1%81%D0%BA%D0%B2%D0%B0%2C%20%D1%83%D0%BB%D0%B8%D1%86%D0%B0%20%D0%9C%D0%B0%D1%88%D0%BA%D0%BE%D0%B2%D0%B0%2C%2013%20%D1%81%D1%82%D1%80%D0%BE%D0%B5%D0%BD%D0%B8%D0%B5%201;"Public map fact; source URL retained for verification";2026-09-15;
LOC-0107;Город Москва, ул.Медынская, д. 5 к 1;Москва, Медынская улица, 5к1;55.5899951;37.6483741;VERIFIED_BUILDING;BUILDING_CENTROID;OpenStreetMap/Nominatim;relation/7473215;5 к1, Медынская улица, район Бирюлёво Западное, Москва, Центральный федеральный округ, 117546, Россия;https://www.openstreetmap.org/relation/7473215;Data © OpenStreetMap contributors, ODbL 1.0. http://osm.org/copyright;2026-09-15;
LOC-0108;Город Москва, ул.Международная, д. 28 стр. 1;Москва, Международная улица, 28с1;55.7431752;37.6878434;VERIFIED_BUILDING;BUILDING_CENTROID;OpenStreetMap/Nominatim;way/50285654;28 с1, Международная улица, Таганский район, Москва, Центральный федеральный округ, 109544, Россия;https://www.openstreetmap.org/way/50285654;Data © OpenStreetMap contributors, ODbL 1.0. http://osm.org/copyright;2026-09-15;
LOC-0109;Город Москва, ул.Михайлова, д. 14;Москва, Михайлова улица, 14;55.7270299;37.7659603;VERIFIED_BUILDING;BUILDING_CENTROID;OpenStreetMap/Nominatim;way/45895106;14, улица Михайлова, Рязанский район, Москва, Центральный федеральный округ, 109428, Россия;https://www.openstreetmap.org/way/45895106;Data © OpenStreetMap contributors, ODbL 1.0. http://osm.org/copyright;2026-09-15;
LOC-0110;Город Москва, ул.Москворечье, д. 4 к 6;Москва, улица Москворечье, 4 к6;55.643412;37.654736;VERIFIED_BUILDING;BUILDING_CENTROID;2GIS public map;4504235282612790;улица Москворечье, 4 к6;https://2gis.ru/moscow/search/%D0%9C%D0%BE%D1%81%D0%BA%D0%B2%D0%B0%2C%20%D1%83%D0%BB%D0%B8%D1%86%D0%B0%20%D0%9C%D0%BE%D1%81%D0%BA%D0%B2%D0%BE%D1%80%D0%B5%D1%87%D1%8C%D0%B5%2C%204%20%D0%BA6;"Public map fact; source URL retained for verification";2026-09-15;
LOC-0111;Город Москва, ул.Мусы Джалиля, д. 9 к 1;Москва, Мусы Джалиля улица, 9к1;55.6274499;37.7437967;VERIFIED_BUILDING;BUILDING_CENTROID;OpenStreetMap/Nominatim;way/45339360;9 к1, улица Мусы Джалиля, район Зябликово, Москва, Центральный федеральный округ, 115573, Россия;https://www.openstreetmap.org/way/45339360;Data © OpenStreetMap contributors, ODbL 1.0. http://osm.org/copyright;2026-09-15;
LOC-0112;Город Москва, ул.Нагорная, д. 44 к 2;Москва, Нагорная улица, 44к2;55.6702038;37.5892003;VERIFIED_BUILDING;BUILDING_CENTROID;OpenStreetMap/Nominatim;way/48135522;44 к2, Нагорная улица, район Котловка, Москва, Центральный федеральный округ, 117186, Россия;https://www.openstreetmap.org/way/48135522;Data © OpenStreetMap contributors, ODbL 1.0. http://osm.org/copyright;2026-09-15;
LOC-0113;Город Москва, ул.Нижегородская, д. 25;Москва, Нижегородская улица, 25;55.7374783;37.6944616;VERIFIED_BUILDING;BUILDING_CENTROID;OpenStreetMap/Nominatim;way/37786970;25, Нижегородская улица, Таганский район, Москва, Центральный федеральный округ, 109029, Россия;https://www.openstreetmap.org/way/37786970;Data © OpenStreetMap contributors, ODbL 1.0. http://osm.org/copyright;2026-09-15;
LOC-0114;Город Москва, ул.Нижегородская, д. 61;Москва, Нижегородская улица, 61;55.732503;37.7178025;VERIFIED_BUILDING;BUILDING_CENTROID;OpenStreetMap/Nominatim;way/45901774;61, Нижегородская улица, Нижегородский район, Москва, Центральный федеральный округ, 109052, Россия;https://www.openstreetmap.org/way/45901774;Data © OpenStreetMap contributors, ODbL 1.0. http://osm.org/copyright;2026-09-15;
LOC-0115;Город Москва, ул.Нижегородская, д. 63;Москва, Нижегородская улица, 63;55.7324552;37.7186987;VERIFIED_BUILDING;BUILDING_CENTROID;OpenStreetMap/Nominatim;way/45901775;63, Нижегородская улица, Нижегородский район, Москва, Центральный федеральный округ, 109052, Россия;https://www.openstreetmap.org/way/45901775;Data © OpenStreetMap contributors, ODbL 1.0. http://osm.org/copyright;2026-09-15;
LOC-0116;Город Москва, ул.Новорогожская, д. 10;Москва, Новорогожская улица, 10;55.740048;37.6832489;VERIFIED_BUILDING;BUILDING_CENTROID;OpenStreetMap/Nominatim;way/42708988;10, Новорогожская улица, Таганский район, Москва, Центральный федеральный округ, 109544, Россия;https://www.openstreetmap.org/way/42708988;Data © OpenStreetMap contributors, ODbL 1.0. http://osm.org/copyright;2026-09-15;
LOC-0117;Город Москва, ул.Новорогожская, д. 8;Москва, Новорогожская улица, 8;55.740895;37.6845796;VERIFIED_BUILDING;BUILDING_CENTROID;OpenStreetMap/Nominatim;way/42709007;8, Новорогожская улица, Таганский район, Москва, Центральный федеральный округ, 109544, Россия;https://www.openstreetmap.org/way/42709007;Data © OpenStreetMap contributors, ODbL 1.0. http://osm.org/copyright;2026-09-15;
LOC-0118;Город Москва, ул.Окская, д. 32;Москва, Окская улица, 32;55.7144711;37.7695221;VERIFIED_BUILDING;BUILDING_CENTROID;OpenStreetMap/Nominatim;way/30981084;32, Окская улица, район Кузьминки, Москва, Центральный федеральный округ, 109457, Россия;https://www.openstreetmap.org/way/30981084;Data © OpenStreetMap contributors, ODbL 1.0. http://osm.org/copyright;2026-09-15;
LOC-0119;Город Москва, ул.Окская, д. 48/2;Москва, Окская улица, 48/2;55.7176399;37.7794008;VERIFIED_BUILDING;BUILDING_CENTROID;OpenStreetMap/Nominatim;way/39393882;48/2, Окская улица, Рязанский район, Москва, Центральный федеральный округ, 109457, Россия;https://www.openstreetmap.org/way/39393882;Data © OpenStreetMap contributors, ODbL 1.0. http://osm.org/copyright;2026-09-15;
LOC-0120;Город Москва, ул.Окская, д. 6 к 1;Москва, Окская улица, 6к1;55.710308;37.7514109;VERIFIED_BUILDING;BUILDING_CENTROID;OpenStreetMap/Nominatim;way/29429642;6 к1, Окская улица, район Кузьминки, Москва, Центральный федеральный округ, 109117, Россия;https://www.openstreetmap.org/way/29429642;Data © OpenStreetMap contributors, ODbL 1.0. http://osm.org/copyright;2026-09-15;
LOC-0121;Город Москва, ул.Паперника, д. 18;Москва, Паперника улица, 18;55.7213231;37.7935117;VERIFIED_BUILDING;BUILDING_CENTROID;OpenStreetMap/Nominatim;way/29430200;18, улица Паперника, Рязанский район, Москва, Центральный федеральный округ, 109456, Россия;https://www.openstreetmap.org/way/29430200;Data © OpenStreetMap contributors, ODbL 1.0. http://osm.org/copyright;2026-09-15;
LOC-0122;Город Москва, ул.Паперника, д. 19;Москва, Паперника улица, 19;55.7217574;37.7907198;VERIFIED_BUILDING;BUILDING_CENTROID;OpenStreetMap/Nominatim;way/30799743;19, улица Паперника, Рязанский район, Москва, Центральный федеральный округ, 109456, Россия;https://www.openstreetmap.org/way/30799743;Data © OpenStreetMap contributors, ODbL 1.0. http://osm.org/copyright;2026-09-15;
LOC-0123;Город Москва, ул.Паромная, д. 9 к 1;Москва, Паромная улица, 9к1;55.6369125;37.7630982;VERIFIED_BUILDING;BUILDING_CENTROID;OpenStreetMap/Nominatim;way/46582733;9 к1, Паромная улица, район Братеево, Москва, Центральный федеральный округ, 115408, Россия;https://www.openstreetmap.org/way/46582733;Data © OpenStreetMap contributors, ODbL 1.0. http://osm.org/copyright;2026-09-15;
LOC-0124;Город Москва, ул.Плющиха, д. 42;Москва, Плющиха улица, 42;55.7411713;37.5763858;VERIFIED_BUILDING;BUILDING_CENTROID;OpenStreetMap/Nominatim;way/35683139;42, улица Плющиха, Плющиха, 540, район Хамовники, Москва, Центральный федеральный округ, 119121, Россия;https://www.openstreetmap.org/way/35683139;Data © OpenStreetMap contributors, ODbL 1.0. http://osm.org/copyright;2026-09-15;
LOC-0125;Город Москва, ул.Профсоюзная, д. 8 к 2;Москва, Профсоюзная улица, 8к2;55.6864404;37.5694046;VERIFIED_BUILDING;BUILDING_CENTROID;OpenStreetMap/Nominatim;way/107572769;8 к2, Профсоюзная улица, Академический район, Москва, Центральный федеральный округ, 117292, Россия;https://www.openstreetmap.org/way/107572769;Data © OpenStreetMap contributors, ODbL 1.0. http://osm.org/copyright;2026-09-15;
LOC-0126;Город Москва, ул.Ремизова, д. 15 к 2;Москва, Ремизова улица, 15к2;55.6757919;37.6040072;VERIFIED_BUILDING;BUILDING_CENTROID;OpenStreetMap/Nominatim;way/32610802;15 к2, улица Ремизова, район Котловка, Москва, Центральный федеральный округ, 117186, Россия;https://www.openstreetmap.org/way/32610802;Data © OpenStreetMap contributors, ODbL 1.0. http://osm.org/copyright;2026-09-15;
LOC-0127;Город Москва, ул.Рогожский Вал, д. 2/50;Москва, Рогожский Вал улица, 2/50;55.7456189;37.6777676;VERIFIED_BUILDING;BUILDING_CENTROID;OpenStreetMap/Nominatim;way/50216881;2/50, улица Рогожский Вал, Таганский район, Москва, Центральный федеральный округ, 105120, Россия;https://www.openstreetmap.org/way/50216881;Data © OpenStreetMap contributors, ODbL 1.0. http://osm.org/copyright;2026-09-15;
LOC-0128;Город Москва, ул.Садовники, д. 10 к 1;Москва, Садовники улица, 10к1;55.6710631;37.6527567;VERIFIED_BUILDING;BUILDING_CENTROID;OpenStreetMap/Nominatim;way/31663872;10 к1, улица Садовники, район Нагатино-Садовники, Москва, Центральный федеральный округ, 115487, Россия;https://www.openstreetmap.org/way/31663872;Data © OpenStreetMap contributors, ODbL 1.0. http://osm.org/copyright;2026-09-15;
LOC-0129;Город Москва, ул.Саратовская, д. 14/1;Москва, Саратовская улица, 14/1;55.7145577;37.7378743;VERIFIED_BUILDING;BUILDING_CENTROID;OpenStreetMap/Nominatim;way/39539489;14/1, Саратовская улица, район Текстильщики, Москва, Центральный федеральный округ, 109125, Россия;https://www.openstreetmap.org/way/39539489;Data © OpenStreetMap contributors, ODbL 1.0. http://osm.org/copyright;2026-09-15;
LOC-0130;Город Москва, ул.Севанская, д. 15 к 1;Москва, Севанская улица, 15к1;55.6234951;37.6538926;VERIFIED_BUILDING;BUILDING_CENTROID;OpenStreetMap/Nominatim;way/642976268;15 к1, Севанская улица, район Царицыно, Москва, Центральный федеральный округ, 115516, Россия;https://www.openstreetmap.org/way/642976268;Data © OpenStreetMap contributors, ODbL 1.0. http://osm.org/copyright;2026-09-15;
LOC-0131;Город Москва, ул.Смирновская, д. 6;Москва, Смирновская улица, 6;55.7367411;37.7085631;VERIFIED_BUILDING;BUILDING_CENTROID;OpenStreetMap/Nominatim;way/49260808;6, Смирновская улица, Нижегородский район, Москва, Центральный федеральный округ, 109052, Россия;https://www.openstreetmap.org/way/49260808;Data © OpenStreetMap contributors, ODbL 1.0. http://osm.org/copyright;2026-09-15;
LOC-0132;Город Москва, ул.Сторожевая, д. 31;Москва, Сторожевая улица, 31;55.7647986;37.7168314;VERIFIED_BUILDING;BUILDING_CENTROID;OpenStreetMap/Nominatim;way/33816344;31, Сторожевая улица, район Лефортово, Москва, Центральный федеральный округ, 111020, Россия;https://www.openstreetmap.org/way/33816344;Data © OpenStreetMap contributors, ODbL 1.0. http://osm.org/copyright;2026-09-15;
LOC-0133;Город Москва, ул.Стройковская, д. 8;Москва, Стройковская улица, 8;55.7347571;37.6737801;VERIFIED_BUILDING;BUILDING_CENTROID;OpenStreetMap/Nominatim;way/29013078;8, Стройковская улица, Таганский район, Москва, Центральный федеральный округ, 109316, Россия;https://www.openstreetmap.org/way/29013078;Data © OpenStreetMap contributors, ODbL 1.0. http://osm.org/copyright;2026-09-15;
LOC-0134;Город Москва, ул.Судостроительная, д. 27 к 2;Москва, Судостроительная улица, 27к2;55.683529;37.6793639;VERIFIED_BUILDING;BUILDING_CENTROID;OpenStreetMap/Nominatim;way/31648405;27 к2, Судостроительная улица, Нагатино, Коломенка, район Нагатинский Затон, Москва, Центральный федеральный округ, 127238, Россия;https://www.openstreetmap.org/way/31648405;Data © OpenStreetMap contributors, ODbL 1.0. http://osm.org/copyright;2026-09-15;
LOC-0135;Город Москва, ул.Судостроительная, д. 31 к 3;Москва, Судостроительная улица, 31к3;55.6848526;37.6804749;VERIFIED_BUILDING;BUILDING_CENTROID;OpenStreetMap/Nominatim;way/31648099;31 к3, Судостроительная улица, Нагатино, Коломенка, район Нагатинский Затон, Москва, Центральный федеральный округ, 127238, Россия;https://www.openstreetmap.org/way/31648099;Data © OpenStreetMap contributors, ODbL 1.0. http://osm.org/copyright;2026-09-15;
LOC-0136;Город Москва, ул.Судостроительная, д. 36;Москва, Судостроительная улица, 36;55.6841931;37.6875838;VERIFIED_BUILDING;BUILDING_CENTROID;OpenStreetMap/Nominatim;way/31650602;36, Судостроительная улица, Нагатино, Коломенка, район Нагатинский Затон, Москва, Центральный федеральный округ, 115407, Россия;https://www.openstreetmap.org/way/31650602;Data © OpenStreetMap contributors, ODbL 1.0. http://osm.org/copyright;2026-09-15;
LOC-0137;Город Москва, ул.Талалихина, д. 16;Москва, Талалихина улица, 16;55.7355002;37.676817;VERIFIED_BUILDING;BUILDING_CENTROID;OpenStreetMap/Nominatim;way/50286450;16, улица Талалихина, Таганский район, Москва, Центральный федеральный округ, 109316, Россия;https://www.openstreetmap.org/way/50286450;Data © OpenStreetMap contributors, ODbL 1.0. http://osm.org/copyright;2026-09-15;
LOC-0138;Город Москва, ул.Талалихина, д. 2/1 к 4;Москва, Талалихина улица, 2/1к4;55.7369925;37.6733454;VERIFIED_BUILDING;BUILDING_CENTROID;OpenStreetMap/Nominatim;way/47294885;2/1 к4, улица Талалихина, Таганский район, Москва, Центральный федеральный округ, 109316, Россия;https://www.openstreetmap.org/way/47294885;Data © OpenStreetMap contributors, ODbL 1.0. http://osm.org/copyright;2026-09-15;
LOC-0139;Город Москва, ул.Трофимова, д. 24 к 2;Москва, Трофимова улица, 24к2;55.7020048;37.6768493;VERIFIED_BUILDING;BUILDING_CENTROID;OpenStreetMap/Nominatim;way/65185870;24 к2, улица Трофимова, Кожухово, Южнопортовый район, Москва, Центральный федеральный округ, 115432, Россия;https://www.openstreetmap.org/way/65185870;Data © OpenStreetMap contributors, ODbL 1.0. http://osm.org/copyright;2026-09-15;
LOC-0140;Город Москва, ул.Трофимова, д. 4А;Москва, Трофимова улица, 4А;55.7011084;37.6614474;VERIFIED_BUILDING;BUILDING_CENTROID;OpenStreetMap/Nominatim;way/108680423;4А, улица Трофимова, Даниловский район, Москва, Центральный федеральный округ, 115432, Россия;https://www.openstreetmap.org/way/108680423;Data © OpenStreetMap contributors, ODbL 1.0. http://osm.org/copyright;2026-09-15;
LOC-0141;Город Москва, ул.Усачёва, д. 25;Москва, Усачёва улица, 25;55.7249586;37.5651309;VERIFIED_BUILDING;BUILDING_CENTROID;OpenStreetMap/Nominatim;way/29001017;25, Усачёва улица, квартал 533, район Хамовники, Москва, Центральный федеральный округ, 119048, Россия;https://www.openstreetmap.org/way/29001017;Data © OpenStreetMap contributors, ODbL 1.0. http://osm.org/copyright;2026-09-15;
LOC-0142;Город Москва, ул.Усачёва, д. 29 к 1;Москва, Усачёва улица, 29к1;55.7242516;37.5634155;VERIFIED_BUILDING;BUILDING_CENTROID;OpenStreetMap/Nominatim;way/30433277;29 к1, Усачёва улица, квартал 532, район Хамовники, Москва, Центральный федеральный округ, 119048, Россия;https://www.openstreetmap.org/way/30433277;Data © OpenStreetMap contributors, ODbL 1.0. http://osm.org/copyright;2026-09-15;
LOC-0143;Город Москва, ул.Ферганская, д. 28/7;Москва, Ферганская улица, 28/7;55.7010782;37.8250104;VERIFIED_BUILDING;BUILDING_CENTROID;OpenStreetMap/Nominatim;way/23557094;28/7, Ферганская улица, район Выхино-Жулебино, Москва, Центральный федеральный округ, 109507, Россия;https://www.openstreetmap.org/way/23557094;Data © OpenStreetMap contributors, ODbL 1.0. http://osm.org/copyright;2026-09-15;
LOC-0144;Город Москва, ул.Фёдора Полетаева, д. 2 к 6;Москва, улица Федора Полетаева, 2к6;55.7136559;37.7719481;VERIFIED_BUILDING;BUILDING_CENTROID;OpenStreetMap/Nominatim;way/39393838;2 к6, улица Фёдора Полетаева, район Кузьминки, Москва, Центральный федеральный округ, 109457, Россия;https://www.openstreetmap.org/way/39393838;Data © OpenStreetMap contributors, ODbL 1.0. http://osm.org/copyright;2026-09-15;
LOC-0145;Город Москва, ул.Херсонская, д. 18;Москва, Херсонская улица, 18;55.6520916;37.5678576;VERIFIED_BUILDING;BUILDING_CENTROID;OpenStreetMap/Nominatim;way/29096506;18, Херсонская улица, район Зюзино, Москва, Центральный федеральный округ, 117420, Россия;https://www.openstreetmap.org/way/29096506;Data © OpenStreetMap contributors, ODbL 1.0. http://osm.org/copyright;2026-09-15;
LOC-0146;Город Москва, ул.Чистова, д. 12;Москва, Чистова улица, 12;55.696506;37.741942;VERIFIED_BUILDING;BUILDING_CENTROID;OpenStreetMap/Nominatim;way/29502751;12, улица Чистова, район Текстильщики, Москва, Центральный федеральный округ, 109263, Россия;https://www.openstreetmap.org/way/29502751;Data © OpenStreetMap contributors, ODbL 1.0. http://osm.org/copyright;2026-09-15;
LOC-0147;Город Москва, ул.Чистопольская, д. 2 к 2;Москва, Чистопольская улица, 2к2;55.7306095;37.758355;VERIFIED_BUILDING;BUILDING_CENTROID;OpenStreetMap/Nominatim;way/149930824;2 к2, Чистопольская улица, Нижегородский район, Москва, Центральный федеральный округ, 109202, Россия;https://www.openstreetmap.org/way/149930824;Data © OpenStreetMap contributors, ODbL 1.0. http://osm.org/copyright;2026-09-15;
LOC-0148;Город Москва, ул.Шверника, д. 12/2 к 3;Москва, Шверника улица, 12/2к3;55.6913492;37.5866891;VERIFIED_BUILDING;BUILDING_CENTROID;OpenStreetMap/Nominatim;way/30385592;12/2 к3, улица Шверника, Академический район, Москва, Центральный федеральный округ, 117449, Россия;https://www.openstreetmap.org/way/30385592;Data © OpenStreetMap contributors, ODbL 1.0. http://osm.org/copyright;2026-09-15;
LOC-0149;Город Москва, ул.Шверника, д. 14/1 к 2;Москва, Шверника улица, 14/1к2;55.6899877;37.5902587;VERIFIED_BUILDING;BUILDING_CENTROID;OpenStreetMap/Nominatim;way/30385597;14/1 к2, улица Шверника, Академический район, Москва, Центральный федеральный округ, 117447, Россия;https://www.openstreetmap.org/way/30385597;Data © OpenStreetMap contributors, ODbL 1.0. http://osm.org/copyright;2026-09-15;
LOC-0150;Город Москва, ул.Шверника, д. 18 к 2;Москва, Шверника улица, 18к2;55.6890678;37.5927091;VERIFIED_BUILDING;BUILDING_CENTROID;OpenStreetMap/Nominatim;way/30385600;18 к2, улица Шверника, Академический район, Москва, Центральный федеральный округ, 117449, Россия;https://www.openstreetmap.org/way/30385600;Data © OpenStreetMap contributors, ODbL 1.0. http://osm.org/copyright;2026-09-15;
LOC-0151;Город Москва, ул.Шверника, д. 3;Москва, Шверника улица, 3;55.694198;37.5818461;VERIFIED_BUILDING;BUILDING_CENTROID;OpenStreetMap/Nominatim;relation/3091072;3, улица Шверника, Академический район, Москва, Центральный федеральный округ, 117036, Россия;https://www.openstreetmap.org/relation/3091072;Data © OpenStreetMap contributors, ODbL 1.0. http://osm.org/copyright;2026-09-15;
LOC-0152;Город Москва, ул.Шверника, д. 5 к 2;Москва, Шверника улица, 5к2;55.6945964;37.5827805;VERIFIED_BUILDING;BUILDING_CENTROID;OpenStreetMap/Nominatim;way/30385573;5 к2, улица Шверника, Академический район, Москва, Центральный федеральный округ, 117036, Россия;https://www.openstreetmap.org/way/30385573;Data © OpenStreetMap contributors, ODbL 1.0. http://osm.org/copyright;2026-09-15;
LOC-0153;Город Москва, ул.Шипиловская, д. 38;Москва, Шипиловская улица, 38;55.6205105;37.7245073;VERIFIED_BUILDING;BUILDING_CENTROID;OpenStreetMap/Nominatim;way/27644618;38, Шипиловская улица, район Орехово-Борисово Северное, Москва, Центральный федеральный округ, 115563, Россия;https://www.openstreetmap.org/way/27644618;Data © OpenStreetMap contributors, ODbL 1.0. http://osm.org/copyright;2026-09-15;
LOC-0154;Город Москва, ул.Юных Ленинцев, д. 83 к 4;Москва, Юных Ленинцев улица, 83к4;55.7022013;37.7739593;VERIFIED_BUILDING;BUILDING_CENTROID;OpenStreetMap/Nominatim;way/85397778;83 к4, улица Юных Ленинцев, район Кузьминки, Москва, 109443, Россия;https://www.openstreetmap.org/way/85397778;Data © OpenStreetMap contributors, ODbL 1.0;2026-09-15;
LOC-0155;Город Москва, ул.Юных Ленинцев, д. 84;Москва, Юных Ленинцев улица, 84;55.6981178;37.7786035;VERIFIED_BUILDING;BUILDING_CENTROID;OpenStreetMap/Nominatim;way/36979709;84, улица Юных Ленинцев, район Кузьминки, Москва, Центральный федеральный округ, 109439, Россия;https://www.openstreetmap.org/way/36979709;Data © OpenStreetMap contributors, ODbL 1.0. http://osm.org/copyright;2026-09-15;
LOC-0156;Город Москва, ш.Каширское, д. 136;Москва, Каширское шоссе, 136;55.5996618;37.7219087;VERIFIED_BUILDING;BUILDING_CENTROID;OpenStreetMap/Nominatim;way/29385426;136, Каширское шоссе, район Орехово-Борисово Южное, Москва, Центральный федеральный округ, 115191, Россия;https://www.openstreetmap.org/way/29385426;Data © OpenStreetMap contributors, ODbL 1.0. http://osm.org/copyright;2026-09-15;
LOC-0157;Город Москва, ш.Каширское, д. 94 к 1;Москва, Каширское шоссе, 94к1;55.614969;37.7137838;VERIFIED_BUILDING;BUILDING_CENTROID;OpenStreetMap/Nominatim;way/705480389;94 к1, Каширское шоссе (дублёр), Орехово-Борисово, район Орехово-Борисово Северное, Москва, Центральный федеральный округ, 115551, Россия;https://www.openstreetmap.org/way/705480389;Data © OpenStreetMap contributors, ODbL 1.0. http://osm.org/copyright;2026-09-15;
LOC-0158;Домодедово, Каширское шоссе, д. 7;Домодедово, Каширское шоссе, 7;55.44809;37.7649116;VERIFIED_BUILDING;BUILDING_CENTROID;OpenStreetMap/Nominatim;relation/17589379;7, Каширское шоссе, микрорайон Северный, Домодедово, Московская область, 142000, Россия;https://www.openstreetmap.org/relation/17589379;Data © OpenStreetMap contributors, ODbL 1.0;2026-09-15;
LOC-0159;Домодедово, проезд.Кутузовский, д. 16;Домодедово, Кутузовский проезд, 16;55.4371874;37.7619456;VERIFIED_BUILDING;BUILDING_CENTROID;OpenStreetMap/Nominatim;way/114576749;16, Кутузовский проезд, микрорайон Северный, Домодедово, городской округ Домодедово, Московская область, Центральный федеральный округ, 142000, Россия;https://www.openstreetmap.org/way/114576749;Data © OpenStreetMap contributors, ODbL 1.0. http://osm.org/copyright;2026-09-15;
LOC-0160;Домодедово, проезд.Советский 1-й, д. 1А;Домодедово, 1-й Советский проезд, 1А;55.4407054;37.7700883;VERIFIED_BUILDING;BUILDING_CENTROID;OpenStreetMap/Nominatim;way/1557627663;1А, 1-й Советский проезд, микрорайон Северный, Домодедово, городской округ Домодедово, Московская область, Центральный федеральный округ, 142000, Россия;https://www.openstreetmap.org/way/1557627663;Data © OpenStreetMap contributors, ODbL 1.0. http://osm.org/copyright;2026-09-15;
LOC-0161;Домодедово, ул.1-я Коммунистическая, д. 39;Домодедово, 1-я Коммунистическая улица, 39;55.4546029;37.7444395;VERIFIED_BUILDING;BUILDING_CENTROID;OpenStreetMap/Nominatim;way/99507583;39, 1-я Коммунистическая улица, микрорайон Северный, Домодедово, городской округ Домодедово, Московская область, Центральный федеральный округ, 142001, Россия;https://www.openstreetmap.org/way/99507583;Data © OpenStreetMap contributors, ODbL 1.0. http://osm.org/copyright;2026-09-15;
LOC-0162;Домодедово, ул.Гагарина, д. 55/2;Домодедово, улица Гагарина, 55/2;55.451588;37.739521;VERIFIED_BUILDING;BUILDING_CENTROID;2GIS public map;4504235282639271;улица Гагарина, 55/2;https://2gis.ru/moscow/search/%D0%94%D0%BE%D0%BC%D0%BE%D0%B4%D0%B5%D0%B4%D0%BE%D0%B2%D0%BE%2C%20%D1%83%D0%BB%D0%B8%D1%86%D0%B0%20%D0%93%D0%B0%D0%B3%D0%B0%D1%80%D0%B8%D0%BD%D0%B0%2C%2055%2F2;"Public map fact; source URL retained for verification";2026-09-15;
LOC-0163;Домодедово, ул.Зеленая, д. 85;Домодедово, Зеленая улица, 85;55.425109;37.7700594;VERIFIED_BUILDING;BUILDING_CENTROID;OpenStreetMap/Nominatim;way/113748699;85, Зелёная улица, Домодедово, городской округ Домодедово, Московская область, Центральный федеральный округ, 142000, Россия;https://www.openstreetmap.org/way/113748699;Data © OpenStreetMap contributors, ODbL 1.0. http://osm.org/copyright;2026-09-15;
LOC-0164;Домодедово, ул.Ильюшина, д. 11 к 2;Домодедово, Ильюшина улица, 11к2;55.4144868;37.8424754;VERIFIED_BUILDING;BUILDING_CENTROID;OpenStreetMap/Nominatim;way/77436004;11 к2, улица Ильюшина, микрорайон Авиационный, Домодедово, городской округ Домодедово, Московская область, Центральный федеральный округ, 142007, Россия;https://www.openstreetmap.org/way/77436004;Data © OpenStreetMap contributors, ODbL 1.0. http://osm.org/copyright;2026-09-15;
LOC-0165;Домодедово, ул.Ильюшина, д. 20;Домодедово, Ильюшина улица, 20;55.4105367;37.8378227;VERIFIED_BUILDING;BUILDING_CENTROID;OpenStreetMap/Nominatim;way/399606306;20, улица Ильюшина, микрорайон Авиационный, Домодедово, городской округ Домодедово, Московская область, Центральный федеральный округ, 142007, Россия;https://www.openstreetmap.org/way/399606306;Data © OpenStreetMap contributors, ODbL 1.0. http://osm.org/copyright;2026-09-15;
LOC-0166;Домодедово, ул.Корнеева, д. 40;Домодедово, Корнеева улица, 40;55.4255128;37.7783486;VERIFIED_BUILDING;BUILDING_CENTROID;OpenStreetMap/Nominatim;way/99590650;40, улица Корнеева, Домодедово, городской округ Домодедово, Московская область, Центральный федеральный округ, 142000, Россия;https://www.openstreetmap.org/way/99590650;Data © OpenStreetMap contributors, ODbL 1.0. http://osm.org/copyright;2026-09-15;
LOC-0167;Домодедово, ул.Корнеева, д. 48;Домодедово, Корнеева улица, 48;55.4235837;37.7782889;VERIFIED_BUILDING;BUILDING_CENTROID;OpenStreetMap/Nominatim;way/115209769;48, улица Корнеева, Домодедово, городской округ Домодедово, Московская область, Центральный федеральный округ, 142000, Россия;https://www.openstreetmap.org/way/115209769;Data © OpenStreetMap contributors, ODbL 1.0. http://osm.org/copyright;2026-09-15;
LOC-0168;Домодедово, ул.Корнеева, д. 50;Домодедово, Корнеева улица, 50;55.4226672;37.7779539;VERIFIED_BUILDING;BUILDING_CENTROID;OpenStreetMap/Nominatim;way/99590643;50, улица Корнеева, Домодедово, городской округ Домодедово, Московская область, Центральный федеральный округ, 142000, Россия;https://www.openstreetmap.org/way/99590643;Data © OpenStreetMap contributors, ODbL 1.0. http://osm.org/copyright;2026-09-15;
LOC-0169;Кашира, ул.8 Марта, д. 22;Кашира, 8 Марта улица, 22;54.8442956;38.2387126;VERIFIED_BUILDING;BUILDING_CENTROID;OpenStreetMap/Nominatim;way/302388031;22, улица 8-го Марта, Кашира-2, Кашира, городской округ Кашира, Московская область, Центральный федеральный округ, 142904, Россия;https://www.openstreetmap.org/way/302388031;Data © OpenStreetMap contributors, ODbL 1.0. http://osm.org/copyright;2026-09-15;
LOC-0170;Кашира, ул.Кржижановского, д. 7;Кашира, Кржижановского улица, 7;54.8398702;38.2399045;VERIFIED_BUILDING;BUILDING_CENTROID;OpenStreetMap/Nominatim;way/302296559;7, улица Кржижановского, Кашира-2, Кашира, городской округ Кашира, Московская область, Центральный федеральный округ, 142904, Россия;https://www.openstreetmap.org/way/302296559;Data © OpenStreetMap contributors, ODbL 1.0. http://osm.org/copyright;2026-09-15;
LOC-0171;Кашира, ул.Ленина, д. 11 к 3;Кашира, Ленина улица, 11к3;54.8429121;38.1907273;VERIFIED_BUILDING;BUILDING_CENTROID;OpenStreetMap/Nominatim;way/104411974;11 к3, улица Ленина, Кашира-3, Кашира, городской округ Кашира, Московская область, Центральный федеральный округ, 142903, Россия;https://www.openstreetmap.org/way/104411974;Data © OpenStreetMap contributors, ODbL 1.0. http://osm.org/copyright;2026-09-15;
LOC-0172;Кашира, ул.Металлургов, д. 5 к 3;Кашира, Металлургов улица, 5к3;54.8409976;38.1897638;VERIFIED_BUILDING;BUILDING_CENTROID;OpenStreetMap/Nominatim;way/104411989;5 к3, улица Металлургов, Кашира-3, Кашира, городской округ Кашира, Московская область, Центральный федеральный округ, 142903, Россия;https://www.openstreetmap.org/way/104411989;Data © OpenStreetMap contributors, ODbL 1.0. http://osm.org/copyright;2026-09-15;
LOC-0173;Кашира, ул.Победы, д. 9;Кашира, Победы улица, 9;54.8386455;38.1934317;VERIFIED_BUILDING;BUILDING_CENTROID;OpenStreetMap/Nominatim;way/104411923;9, улица Победы, Кашира-3, Кашира, городской округ Кашира, Московская область, Центральный федеральный округ, 142903, Россия;https://www.openstreetmap.org/way/104411923;Data © OpenStreetMap contributors, ODbL 1.0. http://osm.org/copyright;2026-09-15;
LOC-0174;Кашира, ул.Садовая, д. 18;Кашира, Садовая улица, 18;54.8423286;38.2453976;VERIFIED_BUILDING;BUILDING_CENTROID;OpenStreetMap/Nominatim;way/106326960;18, Садовая улица, Кашира-2, Кашира, городской округ Кашира, Московская область, Центральный федеральный округ, 142904, Россия;https://www.openstreetmap.org/way/106326960;Data © OpenStreetMap contributors, ODbL 1.0. http://osm.org/copyright;2026-09-15;
LOC-0175;Кашира, ул.Садовая, д. 2/11;Кашира, Садовая улица, 2/11;54.8500604;38.2443522;VERIFIED_BUILDING;BUILDING_CENTROID;OpenStreetMap/Nominatim;way/122354255;2/11, Садовая улица, Кашира-2, Кашира, городской округ Кашира, Московская область, Центральный федеральный округ, 142904, Россия;https://www.openstreetmap.org/way/122354255;Data © OpenStreetMap contributors, ODbL 1.0. http://osm.org/copyright;2026-09-15;
LOC-0176;Кашира, ул.Юбилейная, д. 8;Кашира, Юбилейная улица, 8;54.8419626;38.248056;VERIFIED_BUILDING;BUILDING_CENTROID;OpenStreetMap/Nominatim;way/189594445;8, Юбилейная улица, Кашира-2, Кашира, городской округ Кашира, Московская область, Центральный федеральный округ, 142904, Россия;https://www.openstreetmap.org/way/189594445;Data © OpenStreetMap contributors, ODbL 1.0. http://osm.org/copyright;2026-09-15;
LOC-0177;Кашира, ул.Юбилейная, д. 9;Кашира, Юбилейная улица, 9;54.8400884;38.2494867;VERIFIED_BUILDING;BUILDING_CENTROID;OpenStreetMap/Nominatim;way/110533816;9, Юбилейная улица, Кашира-2, Кашира, городской округ Кашира, Московская область, Центральный федеральный округ, 142904, Россия;https://www.openstreetmap.org/way/110533816;Data © OpenStreetMap contributors, ODbL 1.0. http://osm.org/copyright;2026-09-15;
LOC-0178;МО, г. Кашира Кржижановского ул. д. 5/1;Кашира, улица Кржижановского, 5/1;54.840976;38.239527;VERIFIED_BUILDING;BUILDING_CENTROID;2GIS public map;70030076201315613;улица Кржижановского, 5 к1;https://2gis.ru/moscow/search/%D0%9A%D0%B0%D1%88%D0%B8%D1%80%D0%B0%2C%20%D1%83%D0%BB%D0%B8%D1%86%D0%B0%20%D0%9A%D1%80%D0%B6%D0%B8%D0%B6%D0%B0%D0%BD%D0%BE%D0%B2%D1%81%D0%BA%D0%BE%D0%B3%D0%BE%2C%205%2F1;"Public map fact; source URL retained for verification";2026-09-15;
LOC-0179;МО, г. Кашира Кржижановского ул. д. 5/2;Кашира, улица Кржижановского, 5/2;54.840664;38.242023;VERIFIED_BUILDING;BUILDING_CENTROID;2GIS public map;70030076201315501;улица Кржижановского, 5 к2;https://2gis.ru/moscow/search/%D0%9A%D0%B0%D1%88%D0%B8%D1%80%D0%B0%2C%20%D1%83%D0%BB%D0%B8%D1%86%D0%B0%20%D0%9A%D1%80%D0%B6%D0%B8%D0%B6%D0%B0%D0%BD%D0%BE%D0%B2%D1%81%D0%BA%D0%BE%D0%B3%D0%BE%2C%205%2F2;"Public map fact; source URL retained for verification";2026-09-15;
LOC-0180;МО, г. Кашира Кржижановского ул. д. 5/3;Кашира, улица Кржижановского, 5/3;54.840831;38.242986;VERIFIED_BUILDING;BUILDING_CENTROID;2GIS public map;70030076201315500;улица Кржижановского, 5 к3;https://2gis.ru/moscow/search/%D0%9A%D0%B0%D1%88%D0%B8%D1%80%D0%B0%2C%20%D1%83%D0%BB%D0%B8%D1%86%D0%B0%20%D0%9A%D1%80%D0%B6%D0%B8%D0%B6%D0%B0%D0%BD%D0%BE%D0%B2%D1%81%D0%BA%D0%BE%D0%B3%D0%BE%2C%205%2F3;"Public map fact; source URL retained for verification";2026-09-15;
LOC-0181;МО, г. Кашира Кржижановского ул. д. 7к2;Кашира, улица Кржижановского, 7 к2;54.839927;38.24158;VERIFIED_BUILDING;BUILDING_CENTROID;2GIS public map;70030076201315499;улица Кржижановского, 7 к2;https://2gis.ru/moscow/search/%D0%9A%D0%B0%D1%88%D0%B8%D1%80%D0%B0%2C%20%D1%83%D0%BB%D0%B8%D1%86%D0%B0%20%D0%9A%D1%80%D0%B6%D0%B8%D0%B6%D0%B0%D0%BD%D0%BE%D0%B2%D1%81%D0%BA%D0%BE%D0%B3%D0%BE%2C%207%20%D0%BA2;"Public map fact; source URL retained for verification";2026-09-15;
LOC-0182;МО, г. Кашира Центральная ул. д. 19;Московская область, Кашира Центральная д. 19 улица;54.8415134;38.2407727;VERIFIED_BUILDING;BUILDING_CENTROID;OpenStreetMap/Nominatim;way/106326930;19, Центральная улица, Кашира-2, Кашира, городской округ Кашира, Московская область, Центральный федеральный округ, 142904, Россия;https://www.openstreetmap.org/way/106326930;Data © OpenStreetMap contributors, ODbL 1.0. http://osm.org/copyright;2026-09-15;
LOC-0183;МО, г. Кашира Центральная ул. д. 21;Московская область, Кашира Центральная д. 21 улица;54.7903111;38.2606361;VERIFIED_BUILDING;BUILDING_CENTROID;OpenStreetMap/Nominatim;way/112679999;Школа № 6, 21, улица Мира, Центролит, Ожерелье, Кашира, городской округ Кашира, Московская область, Центральный федеральный округ, 142921, Россия;https://www.openstreetmap.org/way/112679999;Data © OpenStreetMap contributors, ODbL 1.0. http://osm.org/copyright;2026-09-15;
LOC-0184;МО, г. Ступино Андропова ул. д. 33;Московская область, Ступино, улица Андропова, 33;54.8857555;38.082999;VERIFIED_BUILDING;BUILDING_CENTROID;OpenStreetMap/Nominatim;way/165873335;33, улица Андропова, Центральный микрорайон, Ступино, городской округ Ступино, Московская область, Центральный федеральный округ, 142803, Россия;https://www.openstreetmap.org/way/165873335;Data © OpenStreetMap contributors, ODbL 1.0. http://osm.org/copyright;2026-09-15;
LOC-0185;МО, г. Ступино Андропова ул. д. 37;Московская область, Ступино, улица Андропова, 37;54.8858274;38.0821597;VERIFIED_BUILDING;BUILDING_CENTROID;OpenStreetMap/Nominatim;way/165873344;37, улица Андропова, Центральный микрорайон, Ступино, городской округ Ступино, Московская область, Центральный федеральный округ, 142803, Россия;https://www.openstreetmap.org/way/165873344;Data © OpenStreetMap contributors, ODbL 1.0. http://osm.org/copyright;2026-09-15;
LOC-0186;Москва Бирюлевская ул. д. 44;Москва, Бирюлёвская улица, 44;55.5864357;37.664566;VERIFIED_BUILDING;BUILDING_CENTROID;OpenStreetMap/Nominatim;way/32632061;44/6, Бирюлёвская улица, район Бирюлёво Восточное, Москва, Центральный федеральный округ, 115372, Россия;https://www.openstreetmap.org/way/32632061;Data © OpenStreetMap contributors, ODbL 1.0. http://osm.org/copyright;2026-09-15;
LOC-0187;Москва Булатниковский пр-зд. д. 6к1;Москва, Булатниковский проезд, 6 к1;55.594532;37.65089;VERIFIED_BUILDING;BUILDING_CENTROID;2GIS public map;4504235282620774;Булатниковский проезд, 6 к1;https://2gis.ru/moscow/search/%D0%9C%D0%BE%D1%81%D0%BA%D0%B2%D0%B0%2C%20%D0%91%D1%83%D0%BB%D0%B0%D1%82%D0%BD%D0%B8%D0%BA%D0%BE%D0%B2%D1%81%D0%BA%D0%B8%D0%B9%20%D0%BF%D1%80%D0%BE%D0%B5%D0%B7%D0%B4%2C%206%20%D0%BA1;"Public map fact; source URL retained for verification";2026-09-15;
LOC-0188;Москва, проезд Орехово-Зуевский, д. 18/8;Москва, проезд Орехово-Зуевский, 18/8;55.7311522;37.7534715;VERIFIED_BUILDING;BUILDING_CENTROID;OpenStreetMap/Nominatim;way/45897230;18/8, Орехово-Зуевский проезд, Карачарово, Нижегородский район, Москва, Центральный федеральный округ, 130203, Россия;https://www.openstreetmap.org/way/45897230;Data © OpenStreetMap contributors, ODbL 1.0. http://osm.org/copyright;2026-09-15;
LOC-0189;Ступино, ул.Калинина, д. 34;Ступино, Калинина улица, 34;54.8917937;38.0692054;VERIFIED_BUILDING;BUILDING_CENTROID;OpenStreetMap/Nominatim;way/190651511;34, улица Калинина, Северо-Западный микрорайон, Ступино, городской округ Ступино, Московская область, Центральный федеральный округ, 142802, Россия;https://www.openstreetmap.org/way/190651511;Data © OpenStreetMap contributors, ODbL 1.0. http://osm.org/copyright;2026-09-15;
LOC-0190;г. Москва, Симферопольский проезд, д. 7;Москва, Симферопольский проезд, 7;55.6647568;37.6158385;VERIFIED_BUILDING;BUILDING_CENTROID;OpenStreetMap/Nominatim;way/655680993;7, Симферопольский проезд, Нагорный район, Москва, Центральный федеральный округ, 117638, Россия;https://www.openstreetmap.org/way/655680993;Data © OpenStreetMap contributors, ODbL 1.0. http://osm.org/copyright;2026-09-15;
LOC-0191;г.Город Москва, б-р.Самаркандский, д. 10к2;Москва, Самаркандский бульвар, 10к2;55.7064866;37.8263129;VERIFIED_BUILDING;BUILDING_CENTROID;OpenStreetMap/Nominatim;way/45487355;10 к2, Самаркандский бульвар, район Выхино-Жулебино, Москва, Центральный федеральный округ, 109507, Россия;https://www.openstreetmap.org/way/45487355;Data © OpenStreetMap contributors, ODbL 1.0. http://osm.org/copyright;2026-09-15;
LOC-0192;г.Город Москва, б-р.Самаркандский, д. 32к1;Москва, Самаркандский бульвар, 32к1;55.6977027;37.8126854;VERIFIED_BUILDING;BUILDING_CENTROID;OpenStreetMap/Nominatim;way/29386787;32 к1, Самаркандский бульвар, район Выхино-Жулебино, Москва, Центральный федеральный округ, 109507, Россия;https://www.openstreetmap.org/way/29386787;Data © OpenStreetMap contributors, ODbL 1.0. http://osm.org/copyright;2026-09-15;
LOC-0193;г.Город Москва, наб.Семеновская, д. 2/1;Москва, Семеновская набережная, 2/1;55.7768615;37.7046831;VERIFIED_BUILDING;BUILDING_CENTROID;OpenStreetMap/Nominatim;way/48899469;2/1, Семёновская набережная, Бауманка, Басманный район, Москва, Центральный федеральный округ, 105094, Россия;https://www.openstreetmap.org/way/48899469;Data © OpenStreetMap contributors, ODbL 1.0. http://osm.org/copyright;2026-09-15;
LOC-0194;г.Город Москва, наб.Семеновская, д. 3/1к2;Москва, Семеновская набережная, 3/1к2;55.7785658;37.7082611;VERIFIED_BUILDING;BUILDING_CENTROID;OpenStreetMap/Nominatim;way/39254948;3/1 к2, Семёновская набережная, Бауманка, Басманный район, Москва, Центральный федеральный округ, 105094, Россия;https://www.openstreetmap.org/way/39254948;Data © OpenStreetMap contributors, ODbL 1.0. http://osm.org/copyright;2026-09-15;
LOC-0195;г.Город Москва, пр-кт.Волгоградский, д. 128к1;Москва, Волгоградский проспект, 128к1;55.7023381;37.7828754;VERIFIED_BUILDING;BUILDING_CENTROID;OpenStreetMap/Nominatim;way/29400078;128 к1, Волгоградский проспект (дублёр), район Кузьминки, Москва, Центральный федеральный округ, 109439, Россия;https://www.openstreetmap.org/way/29400078;Data © OpenStreetMap contributors, ODbL 1.0. http://osm.org/copyright;2026-09-15;
LOC-0196;г.Город Москва, пр-кт.Ленинский, д. 70/11;Москва, Ленинский проспект, 70/11;55.6879261;37.5407755;VERIFIED_BUILDING;BUILDING_CENTROID;OpenStreetMap/Nominatim;way/46657116;70/11, Ленинский проспект, Гагаринский район, Москва, Центральный федеральный округ, 119261, Россия;https://www.openstreetmap.org/way/46657116;Data © OpenStreetMap contributors, ODbL 1.0. http://osm.org/copyright;2026-09-15;
LOC-0197;г.Город Москва, ул.Новорогожская, д. 20;Москва, Новорогожская улица, 20;55.73903;37.6880379;VERIFIED_BUILDING;BUILDING_CENTROID;OpenStreetMap/Nominatim;way/129419625;20, Новорогожская улица, Таганский район, Москва, Центральный федеральный округ, 109544, Россия;https://www.openstreetmap.org/way/129419625;Data © OpenStreetMap contributors, ODbL 1.0. http://osm.org/copyright;2026-09-15;
LOC-0198;г.Город Москва, ул.Саратовская, д. 16;Москва, Саратовская улица, 16;55.7150007;37.7401969;VERIFIED_BUILDING;BUILDING_CENTROID;OpenStreetMap/Nominatim;way/39539417;16, Саратовская улица, район Текстильщики, Москва, Центральный федеральный округ, 109125, Россия;https://www.openstreetmap.org/way/39539417;Data © OpenStreetMap contributors, ODbL 1.0. http://osm.org/copyright;2026-09-15;
LOC-0199;г.Город Москва, ул.Ташкентская, д. 16к2;Москва, Ташкентская улица, 16к2;55.703974;37.8130634;VERIFIED_BUILDING;BUILDING_CENTROID;OpenStreetMap/Nominatim;way/29386760;16 к2, Ташкентская улица, Выхино, район Выхино-Жулебино, Москва, Центральный федеральный округ, 109444, Россия;https://www.openstreetmap.org/way/29386760;Data © OpenStreetMap contributors, ODbL 1.0. http://osm.org/copyright;2026-09-15;
LOC-0200;обл.Московская область, г.Домодедово, пгт.Востряково-1, ул.Жуковского, д. 14/18;Московская область, Домодедово, микрорайон Авиационный, улица Жуковского, 14/18;55.4118698;37.8397236;VERIFIED_BUILDING;BUILDING_CENTROID;OpenStreetMap/Nominatim;way/399606307;14/18, улица Жуковского, микрорайон Авиационный, Домодедово, городской округ Домодедово, Московская область, Центральный федеральный округ, 142007, Россия;https://www.openstreetmap.org/way/399606307;Data © OpenStreetMap contributors, ODbL 1.0. http://osm.org/copyright;2026-09-15;
