scenario;job_id;source_job_id;zone_id;zone_name;bk_type;hd_type;window_start;window_end;district;address;connection_type;gigabit_required;required_skill;service_duration_min;priority;required_transport;required_equipment;created_at;is_event_job;status;latitude;longitude;geocode_status;location_id;coordinate_accuracy;geocode_provider;geocode_object_id
CORE;EAST-74198;74198;EAST;Восток;Подключение;Конвергенция абонента;2026-08-17T20:00:00+03:00;2026-08-17T22:00:00+03:00;Кузьминки;Город Москва, пр-кт.Волгоградский, д. 128 к 5;FMC;Нет;INSTALL;70;NORMAL;ANY;DIAG_SET|INSTALL_SET|CABLE_PACK;2026-08-17T07:00:00+03:00;false;PENDING;55.700846;37.7822191;VERIFIED_BUILDING;LOC-0021;BUILDING_CENTROID;OpenStreetMap/Nominatim;way/41192231
CORE;EAST-86160;86160;EAST;Восток;Подключение;Конвергенция абонента;2026-08-17T18:00:00+03:00;2026-08-17T20:00:00+03:00;Таганский;Город Москва, пер.Маяковского, д. 2;FMC;Нет;INSTALL;70;NORMAL;ANY;DIAG_SET|INSTALL_SET|CABLE_PACK;2026-08-17T07:00:00+03:00;false;PENDING;55.7397743;37.6599082;VERIFIED_BUILDING;LOC-0015;BUILDING_CENTROID;OpenStreetMap/Nominatim;way/47572180
CORE;EAST-50104;50104;EAST;Восток;Подключение;Заявка на подключение;2026-08-17T18:00:00+03:00;2026-08-17T20:00:00+03:00;Текстильщики;Город Москва, ул.Грайвороновская, д. 10 к 2;;Да;INSTALL;70;NORMAL;CAR;DIAG_SET|INSTALL_SET|CABLE_PACK|ONT_GIGABIT;2026-08-17T07:00:00+03:00;false;PENDING;55.7183547;37.7319259;VERIFIED_BUILDING;LOC-0079;BUILDING_CENTROID;OpenStreetMap/Nominatim;way/30858926
CORE;EAST-46393;46393;EAST;Восток;Подключение;Конвергенция абонента;2026-08-17T20:00:00+03:00;2026-08-17T22:00:00+03:00;Рязанский;Город Москва, ул.Михайлова, д. 14;FMC;Нет;INSTALL;70;NORMAL;ANY;DIAG_SET|INSTALL_SET|CABLE_PACK;2026-08-17T07:00:00+03:00;false;PENDING;55.7270299;37.7659603;VERIFIED_BUILDING;LOC-0109;BUILDING_CENTROID;OpenStreetMap/Nominatim;way/45895106
CORE;EAST-18754;18754;EAST;Восток;Подключение;Конвергенция абонента;2026-08-17T18:00:00+03:00;2026-08-17T20:00:00+03:00;Рязанский;Город Москва, ул.1-я Новокузьминская, д. 16 к 1;FMC;Нет;INSTALL;70;NORMAL;ANY;DIAG_SET|INSTALL_SET|CABLE_PACK;2026-08-17T07:00:00+03:00;false;PENDING;55.714359;37.7897959;VERIFIED_BUILDING;LOC-0043;BUILDING_CENTROID;OpenStreetMap/Nominatim;way/27191101
CORE;EAST-74949;74949;EAST;Восток;Подключение;Конвергенция абонента;2026-08-17T10:00:00+03:00;2026-08-17T12:00:00+03:00;Таганский;Город Москва, ул.Международная, д. 28 стр. 1;FMC;Нет;INSTALL;70;NORMAL;ANY;DIAG_SET|INSTALL_SET|CABLE_PACK;2026-08-17T07:00:00+03:00;false;PENDING;55.7431752;37.6878434;VERIFIED_BUILDING;LOC-0108;BUILDING_CENTROID;OpenStreetMap/Nominatim;way/50285654
CORE;EAST-41077;41077;EAST;Восток;Подключение;Конвергенция абонента;2026-08-17T12:00:00+03:00;2026-08-17T14:00:00+03:00;Таганский;Город Москва, ул.Новорогожская, д. 8;FMC;Нет;INSTALL;70;NORMAL;ANY;DIAG_SET|INSTALL_SET|CABLE_PACK;2026-08-17T07:00:00+03:00;false;PENDING;55.740895;37.6845796;VERIFIED_BUILDING;LOC-0117;BUILDING_CENTROID;OpenStreetMap/Nominatim;way/42709007
CORE;EAST-87693;87693;EAST;Восток;Подключение;Конвергенция абонента;2026-08-17T16:00:00+03:00;2026-08-17T18:00:00+03:00;Текстильщики;Город Москва, ул.Чистова, д. 12;FMC;Нет;INSTALL;70;NORMAL;ANY;DIAG_SET|INSTALL_SET|CABLE_PACK;2026-08-17T07:00:00+03:00;false;PENDING;55.696506;37.741942;VERIFIED_BUILDING;LOC-0146;BUILDING_CENTROID;OpenStreetMap/Nominatim;way/29502751
CORE;EAST-57866;57866;EAST;Восток;Подключение;Конвергенция абонента;2026-08-17T14:00:00+03:00;2026-08-17T16:00:00+03:00;Рязанский;Город Москва, ул.Окская, д. 48/2;FMC;Нет;INSTALL;70;NORMAL;ANY;DIAG_SET|INSTALL_SET|CABLE_PACK;2026-08-17T07:00:00+03:00;false;PENDING;55.7176399;37.7794008;VERIFIED_BUILDING;LOC-0119;BUILDING_CENTROID;OpenStreetMap/Nominatim;way/39393882
CORE;EAST-82388;82388;EAST;Восток;Подключение;Конвергенция абонента;2026-08-17T14:00:00+03:00;2026-08-17T16:00:00+03:00;Южнопортовый;Город Москва, ул.1-я Дубровская, д. 6;FMC;Нет;INSTALL;70;NORMAL;ANY;DIAG_SET|INSTALL_SET|CABLE_PACK;2026-08-17T07:00:00+03:00;false;PENDING;55.7267393;37.6695609;VERIFIED_BUILDING;LOC-0042;BUILDING_CENTROID;OpenStreetMap/Nominatim;way/27575787
CORE;EAST-23380;23380;EAST;Восток;Подключение;Конвергенция абонента;2026-08-17T12:00:00+03:00;2026-08-17T14:00:00+03:00;Таганский;Город Москва, ул.Рогожский Вал, д. 2/50;FMC;Нет;INSTALL;70;NORMAL;ANY;DIAG_SET|INSTALL_SET|CABLE_PACK;2026-08-17T07:00:00+03:00;false;PENDING;55.7456189;37.6777676;VERIFIED_BUILDING;LOC-0127;BUILDING_CENTROID;OpenStreetMap/Nominatim;way/50216881
CORE;EAST-37272;37272;EAST;Восток;Подключение;Конвергенция абонента;2026-08-17T10:00:00+03:00;2026-08-17T12:00:00+03:00;Таганский;Город Москва, ул.Талалихина, д. 2/1 к 4;FMC;Нет;INSTALL;70;NORMAL;ANY;DIAG_SET|INSTALL_SET|CABLE_PACK;2026-08-17T07:00:00+03:00;false;PENDING;55.7369925;37.6733454;VERIFIED_BUILDING;LOC-0138;BUILDING_CENTROID;OpenStreetMap/Nominatim;way/47294885
CORE;EAST-71388;71388;EAST;Восток;Подключение;Конвергенция абонента;2026-08-17T14:00:00+03:00;2026-08-17T16:00:00+03:00;Текстильщики;Город Москва, ул.Артюхиной, д. 20А;FMC;Нет;INSTALL;70;NORMAL;ANY;DIAG_SET|INSTALL_SET|CABLE_PACK;2026-08-17T07:00:00+03:00;false;PENDING;55.6972845;37.7365767;VERIFIED_BUILDING;LOC-0056;BUILDING_CENTROID;OpenStreetMap/Nominatim;way/43892848
CORE;EAST-94409;94409;EAST;Восток;Подключение;Конвергенция абонента;2026-08-17T12:00:00+03:00;2026-08-17T14:00:00+03:00;Лефортово;Город Москва, ул.Авиамоторная, д. 14;FMC;Нет;INSTALL;70;NORMAL;ANY;DIAG_SET|INSTALL_SET|CABLE_PACK;2026-08-17T07:00:00+03:00;false;PENDING;55.7523201;37.7153975;VERIFIED_BUILDING;LOC-0052;BUILDING_CENTROID;OpenStreetMap/Nominatim;way/35670845
CORE;EAST-10245;10245;EAST;Восток;Подключение;Конвергенция абонента;2026-08-17T12:00:00+03:00;2026-08-17T14:00:00+03:00;Кузьминки;Город Москва, ул.Фёдора Полетаева, д. 2 к 6;FMC;Нет;INSTALL;70;NORMAL;ANY;DIAG_SET|INSTALL_SET|CABLE_PACK;2026-08-17T07:00:00+03:00;false;PENDING;55.7136559;37.7719481;VERIFIED_BUILDING;LOC-0144;BUILDING_CENTROID;OpenStreetMap/Nominatim;way/39393838
CORE;EAST-52405;52405;EAST;Восток;Подключение;Конвергенция абонента;2026-08-17T10:00:00+03:00;2026-08-17T12:00:00+03:00;Рязанский;Город Москва, ул.Зарайская, д. 51 к 2;FMC;Нет;INSTALL;70;NORMAL;ANY;DIAG_SET|INSTALL_SET|CABLE_PACK;2026-08-17T07:00:00+03:00;false;PENDING;55.7279678;37.7772242;VERIFIED_BUILDING;LOC-0084;BUILDING_CENTROID;OpenStreetMap/Nominatim;way/30799685
CORE;EAST-76082;76082;EAST;Восток;Подключение;Заказ подключения/Дозаказ оборудования;2026-08-17T12:00:00+03:00;2026-08-17T14:00:00+03:00;Нижегородский;Город Москва, ул.Смирновская, д. 6;FTTB;Нет;INSTALL;70;NORMAL;ANY;DIAG_SET|INSTALL_SET|CABLE_PACK;2026-08-17T07:00:00+03:00;false;PENDING;55.7367411;37.7085631;VERIFIED_BUILDING;LOC-0131;BUILDING_CENTROID;OpenStreetMap/Nominatim;way/49260808
CORE;EAST-29890;29890;EAST;Восток;Подключение;Конвергенция абонента;2026-08-17T12:00:00+03:00;2026-08-17T14:00:00+03:00;Нижегородский;Город Москва, ул.Нижегородская, д. 61;FMC;Нет;INSTALL;70;NORMAL;ANY;DIAG_SET|INSTALL_SET|CABLE_PACK;2026-08-17T07:00:00+03:00;false;PENDING;55.732503;37.7178025;VERIFIED_BUILDING;LOC-0114;BUILDING_CENTROID;OpenStreetMap/Nominatim;way/45901774
CORE;EAST-77563;77563;EAST;Восток;Подключение;Конвергенция абонента;2026-08-17T10:00:00+03:00;2026-08-17T12:00:00+03:00;Кузьминки;Город Москва, ул.Зеленодольская, д. 28Б;FMC;Нет;INSTALL;70;NORMAL;ANY;DIAG_SET|INSTALL_SET|CABLE_PACK;2026-08-17T07:00:00+03:00;false;PENDING;55.7118436;37.7708367;VERIFIED_BUILDING;LOC-0087;BUILDING_CENTROID;OpenStreetMap/Nominatim;way/1370389344
CORE;EAST-53587;53587;EAST;Восток;Подключение;Конвергенция абонента;2026-08-17T12:00:00+03:00;2026-08-17T14:00:00+03:00;Текстильщики;Город Москва, ул.Артюхиной, д. 16;FMC;Нет;INSTALL;70;NORMAL;ANY;DIAG_SET|INSTALL_SET|CABLE_PACK;2026-08-17T07:00:00+03:00;false;PENDING;55.6984967;37.7377998;VERIFIED_BUILDING;LOC-0055;BUILDING_CENTROID;OpenStreetMap/Nominatim;way/29502772
CORE;EAST-7939;7939;EAST;Восток;Подключение;Конвергенция абонента;2026-08-17T12:00:00+03:00;2026-08-17T14:00:00+03:00;Рязанский;Город Москва, пр-кт.Рязанский, д. 73;FMC;Нет;INSTALL;70;NORMAL;ANY;DIAG_SET|INSTALL_SET|CABLE_PACK;2026-08-17T07:00:00+03:00;false;PENDING;55.7184554;37.7902547;VERIFIED_BUILDING;LOC-0026;BUILDING_CENTROID;OpenStreetMap/Nominatim;way/29430174
CORE;EAST-92031;92031;EAST;Восток;Дозаказ;Дозаказ оборудования;2026-08-17T18:00:00+03:00;2026-08-17T20:00:00+03:00;Выхино;Город Москва, ул.Ферганская, д. 28/7;FMC;Нет;INSTALL;20;NORMAL;ANY;DIAG_SET|INSTALL_SET;2026-08-17T07:00:00+03:00;false;PENDING;55.7010782;37.8250104;VERIFIED_BUILDING;LOC-0143;BUILDING_CENTROID;OpenStreetMap/Nominatim;way/23557094
CORE;EAST-31260;31260;EAST;Восток;Дозаказ;Дозаказ оборудования;2026-08-17T20:00:00+03:00;2026-08-17T22:00:00+03:00;Выхино;Город Москва, б-р.Самаркандский Квартал 137а, д. к5;FMC;Нет;INSTALL;20;NORMAL;ANY;DIAG_SET|INSTALL_SET;2026-08-17T07:00:00+03:00;false;PENDING;55.7000662;37.8193568;VERIFIED_BUILDING;LOC-0007;BUILDING_CENTROID;OpenStreetMap/Nominatim;way/45832186
CORE;EAST-69967;69967;EAST;Восток;Дозаказ;Заказ подключения/Дозаказ оборудования;2026-08-17T10:00:00+03:00;2026-08-17T12:00:00+03:00;Лефортово;Город Москва, ул.Боровая, д. 14;FTTB;Да;INSTALL;20;NORMAL;CAR;DIAG_SET|INSTALL_SET|CABLE_PACK|ONT_GIGABIT;2026-08-17T07:00:00+03:00;false;PENDING;55.7693914;37.7156999;VERIFIED_BUILDING;LOC-0068;BUILDING_CENTROID;OpenStreetMap/Nominatim;way/74747142
CORE;EAST-98815;98815;EAST;Восток;Дозаказ;Дозаказ оборудования;2026-08-17T18:00:00+03:00;2026-08-17T20:00:00+03:00;Лефортово;Город Москва, ул.2-я Синичкина, д. 9 к 1;FMC;Нет;INSTALL;20;NORMAL;ANY;DIAG_SET|INSTALL_SET;2026-08-17T07:00:00+03:00;false;PENDING;55.76264;37.7130584;VERIFIED_BUILDING;LOC-0046;BUILDING_CENTROID;OpenStreetMap/Nominatim;way/56008420
CORE;EAST-33527;33527;EAST;Восток;Дозаказ;Дозаказ оборудования;2026-08-17T10:00:00+03:00;2026-08-17T12:00:00+03:00;Нижегородский;Москва, проезд Орехово-Зуевский, д. 18/8;FMC;Нет;INSTALL;20;NORMAL;ANY;DIAG_SET|INSTALL_SET;2026-08-17T07:00:00+03:00;false;PENDING;55.7311522;37.7534715;VERIFIED_BUILDING;LOC-0188;BUILDING_CENTROID;OpenStreetMap/Nominatim;way/45897230
CORE;EAST-21571;21571;EAST;Восток;Локальная заявка;Нет линка;2026-08-17T18:00:00+03:00;2026-08-17T20:00:00+03:00;Таганский;Город Москва, пер.Большой Рогожский, д. 10 к 2;;Нет;LOCAL;30;NORMAL;ANY;DIAG_SET;2026-08-17T07:00:00+03:00;false;PENDING;55.7420001;37.6676447;VERIFIED_BUILDING;LOC-0014;BUILDING_CENTROID;OpenStreetMap/Nominatim;way/42708936
CORE;EAST-51115;51115;EAST;Восток;Локальная заявка;Нет линка;2026-08-17T18:00:00+03:00;2026-08-17T20:00:00+03:00;Рязанский;Город Москва, ул.Паперника, д. 18;;Нет;LOCAL;30;NORMAL;ANY;DIAG_SET;2026-08-17T07:00:00+03:00;false;PENDING;55.7213231;37.7935117;VERIFIED_BUILDING;LOC-0121;BUILDING_CENTROID;OpenStreetMap/Nominatim;way/29430200
CORE;EAST-43506;43506;EAST;Восток;Локальная заявка;Переключение на Гбит/с;2026-08-17T20:00:00+03:00;2026-08-17T22:00:00+03:00;Выхино;Город Москва, б-р.Самаркандский Квартал 137а, д. к5;;Нет;LOCAL;30;NORMAL;ANY;DIAG_SET|INSTALL_SET;2026-08-17T07:00:00+03:00;false;PENDING;55.7000662;37.8193568;VERIFIED_BUILDING;LOC-0007;BUILDING_CENTROID;OpenStreetMap/Nominatim;way/45832186
CORE;EAST-48174;48174;EAST;Восток;Локальная заявка;Мониторинг;2026-08-17T18:00:00+03:00;2026-08-17T20:00:00+03:00;Кузьминки;Город Москва, ул.Маршала Чуйкова, д. 9 к 2;;Нет;LOCAL;30;NORMAL;ANY;DIAG_SET;2026-08-17T07:00:00+03:00;false;PENDING;55.6971444;37.7620114;VERIFIED_BUILDING;LOC-0105;BUILDING_CENTROID;OpenStreetMap/Nominatim;way/162959644
CORE;EAST-60720;60720;EAST;Восток;Локальная заявка;Нет линка;2026-08-17T12:00:00+03:00;2026-08-17T14:00:00+03:00;Текстильщики;Город Москва, б-р.Волжский, д. 50 к 2;;Нет;LOCAL;30;NORMAL;ANY;DIAG_SET;2026-08-17T07:00:00+03:00;false;PENDING;55.6965373;37.7522297;VERIFIED_BUILDING;LOC-0001;BUILDING_CENTROID;OpenStreetMap/Nominatim;way/30854032
CORE;EAST-41912;41912;EAST;Восток;Локальная заявка;Нет линка;2026-08-17T12:00:00+03:00;2026-08-17T14:00:00+03:00;Выхино;Город Москва, проезд.Ферганский, д. 7 к 5;;Нет;LOCAL;30;NORMAL;ANY;DIAG_SET;2026-08-17T07:00:00+03:00;false;PENDING;55.6940635;37.8248567;VERIFIED_BUILDING;LOC-0040;BUILDING_CENTROID;OpenStreetMap/Nominatim;way/85475174
CORE;EAST-26645;26645;EAST;Восток;Локальная заявка;TVE/ENT. Другие ошибки;2026-08-17T16:00:00+03:00;2026-08-17T18:00:00+03:00;Лефортово;Город Москва, ул.Сторожевая, д. 31;;Нет;LOCAL;30;NORMAL;ANY;DIAG_SET;2026-08-17T07:00:00+03:00;false;PENDING;55.7647986;37.7168314;VERIFIED_BUILDING;LOC-0132;BUILDING_CENTROID;OpenStreetMap/Nominatim;way/33816344
CORE;EAST-24076;24076;EAST;Восток;Локальная заявка;Роутер. Замена техническим специалистом;2026-08-17T12:00:00+03:00;2026-08-17T14:00:00+03:00;Таганский;Город Москва, ул.Новорогожская, д. 10;;Нет;LOCAL;30;NORMAL;ANY;DIAG_SET|ROUTER;2026-08-17T07:00:00+03:00;false;PENDING;55.740048;37.6832489;VERIFIED_BUILDING;LOC-0116;BUILDING_CENTROID;OpenStreetMap/Nominatim;way/42708988
CORE;EAST-32807;32807;EAST;Восток;Локальная заявка;Работа с кабелем;2026-08-17T10:00:00+03:00;2026-08-17T12:00:00+03:00;Кузьминки;Город Москва, ул.Окская, д. 6 к 1;;Нет;LOCAL;30;NORMAL;ANY;DIAG_SET|CABLE_SET|CABLE_PACK;2026-08-17T07:00:00+03:00;false;PENDING;55.710308;37.7514109;VERIFIED_BUILDING;LOC-0120;BUILDING_CENTROID;OpenStreetMap/Nominatim;way/29429642
CORE;EAST-73572;73572;EAST;Восток;Локальная заявка;Нет линка;2026-08-17T14:00:00+03:00;2026-08-17T16:00:00+03:00;Кузьминки;Город Москва, пр-кт.Волгоградский, д. 97 к 1;;Нет;LOCAL;30;NORMAL;ANY;DIAG_SET;2026-08-17T07:00:00+03:00;false;PENDING;55.7078213;37.7518635;VERIFIED_BUILDING;LOC-0022;BUILDING_CENTROID;OpenStreetMap/Nominatim;way/29429649
CORE;EAST-97886;97886;EAST;Восток;Глобальная проблема;Информация;2026-08-17T16:00:00+03:00;2026-08-17T18:00:00+03:00;Выхино;г.Город Москва, б-р.Самаркандский, д. 10к2;;Нет;EMERGENCY;80;NORMAL;ANY;;2026-08-17T07:00:00+03:00;false;PENDING;55.7064866;37.8263129;VERIFIED_BUILDING;LOC-0191;BUILDING_CENTROID;OpenStreetMap/Nominatim;way/45487355
CORE;EAST-24980;24980;EAST;Восток;Глобальная проблема;Авария;2026-08-17T10:00:00+03:00;2026-08-17T12:00:00+03:00;Басманный;г.Город Москва, наб.Семеновская, д. 3/1к2;;Нет;EMERGENCY;80;URGENT;ANY;DIAG_SET|CABLE_SET|CABLE_PACK;2026-08-17T07:00:00+03:00;false;PENDING;55.7785658;37.7082611;VERIFIED_BUILDING;LOC-0194;BUILDING_CENTROID;OpenStreetMap/Nominatim;way/39254948
CORE;EAST-15648;15648;EAST;Восток;Глобальная проблема;Информация;2026-08-17T16:00:00+03:00;2026-08-17T18:00:00+03:00;Басманный;г.Город Москва, наб.Семеновская, д. 2/1;;Нет;EMERGENCY;80;NORMAL;ANY;;2026-08-17T07:00:00+03:00;false;PENDING;55.7768615;37.7046831;VERIFIED_BUILDING;LOC-0193;BUILDING_CENTROID;OpenStreetMap/Nominatim;way/48899469
CORE;EAST-57299;57299;EAST;Восток;Глобальная проблема;Авария;2026-08-17T20:00:00+03:00;2026-08-17T22:00:00+03:00;Кузьминки;г.Город Москва, пр-кт.Волгоградский, д. 128к1;;Нет;EMERGENCY;80;URGENT;ANY;DIAG_SET|CABLE_SET|CABLE_PACK;2026-08-17T07:00:00+03:00;false;PENDING;55.7023381;37.7828754;VERIFIED_BUILDING;LOC-0195;BUILDING_CENTROID;OpenStreetMap/Nominatim;way/29400078
CORE;SOUTHEAST-67472;67472;SOUTHEAST;Юго-восток;Подключение;Заказ подключения/Дозаказ оборудования;2026-08-17T16:00:00+03:00;2026-08-17T18:00:00+03:00;Домодедово;Домодедово, проезд.Советский 1-й, д. 1А;;Нет;INSTALL;70;NORMAL;CAR;DIAG_SET|INSTALL_SET|CABLE_PACK;2026-08-17T07:00:00+03:00;false;PENDING;55.4407054;37.7700883;VERIFIED_BUILDING;LOC-0160;BUILDING_CENTROID;OpenStreetMap/Nominatim;way/1557627663
CORE;SOUTHEAST-84466;84466;SOUTHEAST;Юго-восток;Подключение;Конвергенция абонента;2026-08-17T18:00:00+03:00;2026-08-17T20:00:00+03:00;Орехово Борисово Южное;Город Москва, проезд.Гурьевский, д. 23 к 1;;Нет;INSTALL;70;NORMAL;ANY;DIAG_SET|INSTALL_SET|CABLE_PACK;2026-08-17T07:00:00+03:00;false;PENDING;55.6074243;37.7536622;VERIFIED_BUILDING;LOC-0034;BUILDING_CENTROID;OpenStreetMap/Nominatim;way/37214100
CORE;SOUTHEAST-14416;14416;SOUTHEAST;Юго-восток;Подключение;Заказ подключения/Дозаказ оборудования;2026-08-17T16:00:00+03:00;2026-08-17T18:00:00+03:00;Зябликово;Город Москва, ул.Кустанайская, д. 8 к 1;;Нет;INSTALL;70;NORMAL;ANY;DIAG_SET|INSTALL_SET|CABLE_PACK;2026-08-17T07:00:00+03:00;false;PENDING;55.6188601;37.7516036;VERIFIED_BUILDING;LOC-0097;BUILDING_CENTROID;OpenStreetMap/Nominatim;way/40678922
CORE;SOUTHEAST-68359;68359;SOUTHEAST;Юго-восток;Подключение;Конвергенция абонента;2026-08-17T16:00:00+03:00;2026-08-17T18:00:00+03:00;Орехово Борисово Южное;Город Москва, ш.Каширское, д. 136;;Нет;INSTALL;70;NORMAL;CAR;DIAG_SET|INSTALL_SET|CABLE_PACK;2026-08-17T07:00:00+03:00;false;PENDING;55.5996618;37.7219087;VERIFIED_BUILDING;LOC-0156;BUILDING_CENTROID;OpenStreetMap/Nominatim;way/29385426
CORE;SOUTHEAST-66944;66944;SOUTHEAST;Юго-восток;Подключение;Конвергенция абонента;2026-08-17T10:00:00+03:00;2026-08-17T12:00:00+03:00;Домодедово;Домодедово, ул.Зеленая, д. 85;;Нет;INSTALL;70;NORMAL;CAR;DIAG_SET|INSTALL_SET|CABLE_PACK;2026-08-17T07:00:00+03:00;false;PENDING;55.425109;37.7700594;VERIFIED_BUILDING;LOC-0163;BUILDING_CENTROID;OpenStreetMap/Nominatim;way/113748699
CORE;SOUTHEAST-52041;52041;SOUTHEAST;Юго-восток;Подключение;Конвергенция абонента;2026-08-17T12:00:00+03:00;2026-08-17T14:00:00+03:00;Москворечье - Сабурово;Город Москва, ул.Москворечье, д. 4 к 6;;Нет;INSTALL;70;NORMAL;ANY;DIAG_SET|INSTALL_SET|CABLE_PACK;2026-08-17T07:00:00+03:00;false;PENDING;55.643412;37.654736;VERIFIED_BUILDING;LOC-0110;BUILDING_CENTROID;2GIS public map;4504235282612790
CORE;SOUTHEAST-60484;60484;SOUTHEAST;Юго-восток;Подключение;Конвергенция абонента;2026-08-17T14:00:00+03:00;2026-08-17T16:00:00+03:00;Бирюлево Восточное;Город Москва, ул.6-я Радиальная, д. 5 к 3;;Нет;INSTALL;70;NORMAL;ANY;DIAG_SET|INSTALL_SET|CABLE_PACK;2026-08-17T07:00:00+03:00;false;PENDING;55.6048694;37.6607974;VERIFIED_BUILDING;LOC-0050;BUILDING_CENTROID;OpenStreetMap/Nominatim;way/272950152
CORE;SOUTHEAST-63591;63591;SOUTHEAST;Юго-восток;Подключение;Конвергенция абонента;2026-08-17T14:00:00+03:00;2026-08-17T16:00:00+03:00;Бирюлево Восточное;Город Москва, ул.Бирюлёвская, д. 39;;Нет;INSTALL;70;NORMAL;ANY;DIAG_SET|INSTALL_SET|CABLE_PACK;2026-08-17T07:00:00+03:00;false;PENDING;55.5881256;37.6658771;VERIFIED_BUILDING;LOC-0059;BUILDING_CENTROID;OpenStreetMap/Nominatim;way/32632113
CORE;SOUTHEAST-53552;53552;SOUTHEAST;Юго-восток;Подключение;Заказ подключения/Дозаказ оборудования;2026-08-17T14:00:00+03:00;2026-08-17T16:00:00+03:00;Кашира;Кашира, ул.Победы, д. 9;;Нет;INSTALL;70;NORMAL;CAR;DIAG_SET|INSTALL_SET|CABLE_PACK;2026-08-17T07:00:00+03:00;false;PENDING;54.8386455;38.1934317;VERIFIED_BUILDING;LOC-0173;BUILDING_CENTROID;OpenStreetMap/Nominatim;way/104411923
CORE;SOUTHEAST-58066;58066;SOUTHEAST;Юго-восток;Подключение;Конвергенция абонента;2026-08-17T12:00:00+03:00;2026-08-17T14:00:00+03:00;Братеево;Город Москва, ул.Братеевская, д. 18 к 1;;Нет;INSTALL;70;NORMAL;ANY;DIAG_SET|INSTALL_SET|CABLE_PACK;2026-08-17T07:00:00+03:00;false;PENDING;55.6362442;37.7692583;VERIFIED_BUILDING;LOC-0070;BUILDING_CENTROID;OpenStreetMap/Nominatim;way/46582743
CORE;SOUTHEAST-2915;2915;SOUTHEAST;Юго-восток;Подключение;Конвергенция абонента;2026-08-17T12:00:00+03:00;2026-08-17T14:00:00+03:00;Зябликово;Город Москва, б-р.Ореховый, д. 35 к 1;;Нет;INSTALL;70;NORMAL;ANY;DIAG_SET|INSTALL_SET|CABLE_PACK;2026-08-17T07:00:00+03:00;false;PENDING;55.6149375;37.7354256;VERIFIED_BUILDING;LOC-0004;BUILDING_CENTROID;OpenStreetMap/Nominatim;way/27256529
CORE;SOUTHEAST-3566;3566;SOUTHEAST;Юго-восток;Подключение;Конвергенция абонента;2026-08-17T12:00:00+03:00;2026-08-17T14:00:00+03:00;Зябликово;Город Москва, б-р.Ореховый, д. 35 к 1;;Нет;INSTALL;70;NORMAL;ANY;DIAG_SET|INSTALL_SET|CABLE_PACK;2026-08-17T07:00:00+03:00;false;PENDING;55.6149375;37.7354256;VERIFIED_BUILDING;LOC-0004;BUILDING_CENTROID;OpenStreetMap/Nominatim;way/27256529
CORE;SOUTHEAST-75745;75745;SOUTHEAST;Юго-восток;Подключение;Заказ подключения/Дозаказ оборудования;2026-08-17T10:00:00+03:00;2026-08-17T12:00:00+03:00;Домодедово;Домодедово, ул.Зеленая, д. 85;;Нет;INSTALL;70;NORMAL;CAR;DIAG_SET|INSTALL_SET|CABLE_PACK;2026-08-17T07:00:00+03:00;false;PENDING;55.425109;37.7700594;VERIFIED_BUILDING;LOC-0163;BUILDING_CENTROID;OpenStreetMap/Nominatim;way/113748699
CORE;SOUTHEAST-44117;44117;SOUTHEAST;Юго-восток;Подключение;Конвергенция абонента;2026-08-17T10:00:00+03:00;2026-08-17T12:00:00+03:00;Царицыно;Город Москва, ул.Севанская, д. 15 к 1;;Нет;INSTALL;70;NORMAL;ANY;DIAG_SET|INSTALL_SET|CABLE_PACK;2026-08-17T07:00:00+03:00;false;PENDING;55.6234951;37.6538926;VERIFIED_BUILDING;LOC-0130;BUILDING_CENTROID;OpenStreetMap/Nominatim;way/642976268
CORE;SOUTHEAST-76173;76173;SOUTHEAST;Юго-восток;Подключение;Конвергенция абонента;2026-08-17T16:00:00+03:00;2026-08-17T18:00:00+03:00;Бирюлево Восточное;Город Москва, ул.6-я Радиальная, д. 7/1 к 2;;Нет;INSTALL;70;NORMAL;ANY;DIAG_SET|INSTALL_SET|CABLE_PACK;2026-08-17T07:00:00+03:00;false;PENDING;55.6037747;37.6510228;VERIFIED_BUILDING;LOC-0051;BUILDING_CENTROID;OpenStreetMap/Nominatim;relation/19207962
CORE;SOUTHEAST-876;876;SOUTHEAST;Юго-восток;Подключение;Заказ подключения/Дозаказ оборудования;2026-08-17T10:00:00+03:00;2026-08-17T12:00:00+03:00;Бирюлево Восточное;Город Москва, проезд.Загорьевский, д. 9;;Нет;INSTALL;70;NORMAL;ANY;DIAG_SET|INSTALL_SET|CABLE_PACK;2026-08-17T07:00:00+03:00;false;PENDING;55.5780853;37.6775523;VERIFIED_BUILDING;LOC-0036;BUILDING_CENTROID;OpenStreetMap/Nominatim;way/32632205
CORE;SOUTHEAST-62011;62011;SOUTHEAST;Юго-восток;Подключение;Конвергенция абонента;2026-08-17T10:00:00+03:00;2026-08-17T12:00:00+03:00;Кашира;Кашира, ул.Садовая, д. 18;;Нет;INSTALL;70;NORMAL;CAR;DIAG_SET|INSTALL_SET|CABLE_PACK;2026-08-17T07:00:00+03:00;false;PENDING;54.8423286;38.2453976;VERIFIED_BUILDING;LOC-0174;BUILDING_CENTROID;OpenStreetMap/Nominatim;way/106326960
CORE;SOUTHEAST-57353;57353;SOUTHEAST;Юго-восток;Подключение;Заказ подключения/Дозаказ оборудования;2026-08-17T12:00:00+03:00;2026-08-17T14:00:00+03:00;Кашира;Кашира, ул.Садовая, д. 2/11;;Нет;INSTALL;70;NORMAL;CAR;DIAG_SET|INSTALL_SET|CABLE_PACK;2026-08-17T07:00:00+03:00;false;PENDING;54.8500604;38.2443522;VERIFIED_BUILDING;LOC-0175;BUILDING_CENTROID;OpenStreetMap/Nominatim;way/122354255
CORE;SOUTHEAST-14494;14494;SOUTHEAST;Юго-восток;Подключение;Конвергенция абонента;2026-08-17T10:00:00+03:00;2026-08-17T12:00:00+03:00;Братеево;Город Москва, ул.Братеевская, д. 16 к 1;;Нет;INSTALL;70;NORMAL;ANY;DIAG_SET|INSTALL_SET|CABLE_PACK;2026-08-17T07:00:00+03:00;false;PENDING;55.6343465;37.7658937;VERIFIED_BUILDING;LOC-0069;BUILDING_CENTROID;OpenStreetMap/Nominatim;relation/12321677
CORE;SOUTHEAST-78920;78920;SOUTHEAST;Юго-восток;Подключение;Заявка на подключение;2026-08-17T12:00:00+03:00;2026-08-17T14:00:00+03:00;Братеево;Город Москва, ул.Борисовские Пруды, д. 20 к 1;;Нет;INSTALL;70;NORMAL;ANY;DIAG_SET|INSTALL_SET|CABLE_PACK;2026-08-17T07:00:00+03:00;false;PENDING;55.6379834;37.7518423;VERIFIED_BUILDING;LOC-0065;BUILDING_CENTROID;OpenStreetMap/Nominatim;way/157165355
CORE;SOUTHEAST-78876;78876;SOUTHEAST;Юго-восток;Подключение;Конвергенция абонента;2026-08-17T10:00:00+03:00;2026-08-17T12:00:00+03:00;Кашира;Кашира, ул.Юбилейная, д. 9;;Нет;INSTALL;70;NORMAL;CAR;DIAG_SET|INSTALL_SET|CABLE_PACK;2026-08-17T07:00:00+03:00;false;PENDING;54.8400884;38.2494867;VERIFIED_BUILDING;LOC-0177;BUILDING_CENTROID;OpenStreetMap/Nominatim;way/110533816
CORE;SOUTHEAST-23094;23094;SOUTHEAST;Юго-восток;Подключение;Конвергенция абонента;2026-08-17T12:00:00+03:00;2026-08-17T14:00:00+03:00;Кашира;Кашира, ул.8 Марта, д. 22;;Нет;INSTALL;70;NORMAL;CAR;DIAG_SET|INSTALL_SET|CABLE_PACK;2026-08-17T07:00:00+03:00;false;PENDING;54.8442956;38.2387126;VERIFIED_BUILDING;LOC-0169;BUILDING_CENTROID;OpenStreetMap/Nominatim;way/302388031
CORE;SOUTHEAST-79144;79144;SOUTHEAST;Юго-восток;Подключение;Заявка на подключение;2026-08-17T10:00:00+03:00;2026-08-17T12:00:00+03:00;Орехово Борисово Северное;Город Москва, б-р.Ореховый, д. 7 к 1;;Нет;INSTALL;70;NORMAL;ANY;DIAG_SET|INSTALL_SET|CABLE_PACK;2026-08-17T07:00:00+03:00;false;PENDING;55.6096657;37.7060471;VERIFIED_BUILDING;LOC-0006;BUILDING_CENTROID;OpenStreetMap/Nominatim;way/31064679
CORE;SOUTHEAST-60141;60141;SOUTHEAST;Юго-восток;Подключение;Конвергенция абонента;2026-08-17T12:00:00+03:00;2026-08-17T14:00:00+03:00;Орехово Борисово Северное;Город Москва, ш.Каширское, д. 94 к 1;;Нет;INSTALL;70;NORMAL;CAR;DIAG_SET|INSTALL_SET|CABLE_PACK;2026-08-17T07:00:00+03:00;false;PENDING;55.614969;37.7137838;VERIFIED_BUILDING;LOC-0157;BUILDING_CENTROID;OpenStreetMap/Nominatim;way/705480389
CORE;SOUTHEAST-93798;93798;SOUTHEAST;Юго-восток;Подключение;Конвергенция абонента;2026-08-17T10:00:00+03:00;2026-08-17T12:00:00+03:00;Зябликово;Город Москва, проезд.Ореховый, д. 41;;Нет;INSTALL;70;NORMAL;ANY;DIAG_SET|INSTALL_SET|CABLE_PACK;2026-08-17T07:00:00+03:00;false;PENDING;55.6165342;37.7307244;VERIFIED_BUILDING;LOC-0039;BUILDING_CENTROID;OpenStreetMap/Nominatim;way/27256562
CORE;SOUTHEAST-89696;89696;SOUTHEAST;Юго-восток;Подключение;Конвергенция абонента;2026-08-17T14:00:00+03:00;2026-08-17T16:00:00+03:00;Домодедово;Домодедово, ул.Ильюшина, д. 20;;Нет;INSTALL;70;NORMAL;CAR;DIAG_SET|INSTALL_SET|CABLE_PACK;2026-08-17T07:00:00+03:00;false;PENDING;55.4105367;37.8378227;VERIFIED_BUILDING;LOC-0165;BUILDING_CENTROID;OpenStreetMap/Nominatim;way/399606306
CORE;SOUTHEAST-20362;20362;SOUTHEAST;Юго-восток;Подключение;Конвергенция абонента;2026-08-17T14:00:00+03:00;2026-08-17T16:00:00+03:00;Кашира;Кашира, ул.Юбилейная, д. 8;;Нет;INSTALL;70;NORMAL;CAR;DIAG_SET|INSTALL_SET|CABLE_PACK;2026-08-17T07:00:00+03:00;false;PENDING;54.8419626;38.248056;VERIFIED_BUILDING;LOC-0176;BUILDING_CENTROID;OpenStreetMap/Nominatim;way/189594445
CORE;SOUTHEAST-40698;40698;SOUTHEAST;Юго-восток;Подключение;Конвергенция абонента;2026-08-17T12:00:00+03:00;2026-08-17T14:00:00+03:00;Зябликово;Город Москва, ул.Кустанайская, д. 9 к 1;;Нет;INSTALL;70;NORMAL;ANY;DIAG_SET|INSTALL_SET|CABLE_PACK;2026-08-17T07:00:00+03:00;false;PENDING;55.6180751;37.7543157;VERIFIED_BUILDING;LOC-0098;BUILDING_CENTROID;OpenStreetMap/Nominatim;way/40678953
CORE;SOUTHEAST-51603;51603;SOUTHEAST;Юго-восток;Дозаказ;Заказ подключения/Дозаказ оборудования;2026-08-17T18:00:00+03:00;2026-08-17T20:00:00+03:00;Братеево;Город Москва, ул.Борисовские Пруды, д. 20 к 1;;Нет;INSTALL;20;NORMAL;ANY;DIAG_SET|INSTALL_SET|CABLE_PACK;2026-08-17T07:00:00+03:00;false;PENDING;55.6379834;37.7518423;VERIFIED_BUILDING;LOC-0065;BUILDING_CENTROID;OpenStreetMap/Nominatim;way/157165355
CORE;SOUTHEAST-13404;13404;SOUTHEAST;Юго-восток;Дозаказ;Конвергенция абонента;2026-08-17T20:00:00+03:00;2026-08-17T22:00:00+03:00;Кашира;Кашира, ул.Кржижановского, д. 7;;Нет;INSTALL;20;NORMAL;CAR;DIAG_SET|INSTALL_SET|CABLE_PACK;2026-08-17T07:00:00+03:00;false;PENDING;54.8398702;38.2399045;VERIFIED_BUILDING;LOC-0170;BUILDING_CENTROID;OpenStreetMap/Nominatim;way/302296559
CORE;SOUTHEAST-72476;72476;SOUTHEAST;Юго-восток;Дозаказ;Дозаказ оборудования;2026-08-17T14:00:00+03:00;2026-08-17T16:00:00+03:00;Бирюлево Западное;Город Москва, ул.Медынская, д. 5 к 1;;Нет;INSTALL;20;NORMAL;ANY;DIAG_SET|INSTALL_SET;2026-08-17T07:00:00+03:00;false;PENDING;55.5899951;37.6483741;VERIFIED_BUILDING;LOC-0107;BUILDING_CENTROID;OpenStreetMap/Nominatim;relation/7473215
CORE;SOUTHEAST-90989;90989;SOUTHEAST;Юго-восток;Локальная заявка;Нет линка;2026-08-17T16:00:00+03:00;2026-08-17T18:00:00+03:00;Домодедово;Домодедово, ул.Гагарина, д. 55/2;;Нет;LOCAL;30;NORMAL;CAR;DIAG_SET;2026-08-17T07:00:00+03:00;false;PENDING;55.451588;37.739521;VERIFIED_BUILDING;LOC-0162;BUILDING_CENTROID;2GIS public map;4504235282639271
CORE;SOUTHEAST-89067;89067;SOUTHEAST;Юго-восток;Локальная заявка;Работа с кабелем;2026-08-17T18:00:00+03:00;2026-08-17T20:00:00+03:00;Братеево;Город Москва, ул.Борисовские Пруды, д. 48 к 2;;Нет;LOCAL;30;NORMAL;ANY;DIAG_SET|CABLE_SET|CABLE_PACK;2026-08-17T07:00:00+03:00;false;PENDING;55.6418225;37.7747995;VERIFIED_BUILDING;LOC-0066;BUILDING_CENTROID;OpenStreetMap/Nominatim;way/46582760
CORE;SOUTHEAST-65268;65268;SOUTHEAST;Юго-восток;Локальная заявка;Работа с кабелем;2026-08-17T20:00:00+03:00;2026-08-17T22:00:00+03:00;Ступино;Ступино, ул.Калинина, д. 34;;Нет;LOCAL;30;NORMAL;CAR;DIAG_SET|CABLE_SET|CABLE_PACK;2026-08-17T07:00:00+03:00;false;PENDING;54.8917937;38.0692054;VERIFIED_BUILDING;LOC-0189;BUILDING_CENTROID;OpenStreetMap/Nominatim;way/190651511
CORE;SOUTHEAST-33880;33880;SOUTHEAST;Юго-восток;Локальная заявка;Низкая скорость;2026-08-17T20:00:00+03:00;2026-08-17T22:00:00+03:00;Орехово Борисово Южное;Город Москва, проезд.Шипиловский, д. 59 к 2;;Нет;LOCAL;30;NORMAL;ANY;DIAG_SET;2026-08-17T07:00:00+03:00;false;PENDING;55.6060564;37.7067109;VERIFIED_BUILDING;LOC-0041;BUILDING_CENTROID;OpenStreetMap/Nominatim;way/29349677
CORE;SOUTHEAST-37590;37590;SOUTHEAST;Юго-восток;Локальная заявка;Нет линка;2026-08-17T20:00:00+03:00;2026-08-17T22:00:00+03:00;Бирюлево Западное;Город Москва, проезд.Востряковский, д. 15 к 2;;Нет;LOCAL;30;NORMAL;ANY;DIAG_SET;2026-08-17T07:00:00+03:00;false;PENDING;55.5760549;37.6461681;VERIFIED_BUILDING;LOC-0031;BUILDING_CENTROID;OpenStreetMap/Nominatim;way/81662250
CORE;SOUTHEAST-33507;33507;SOUTHEAST;Юго-восток;Локальная заявка;Нет линка;2026-08-17T18:00:00+03:00;2026-08-17T20:00:00+03:00;Бирюлево Восточное;Город Москва, ул.Бирюлёвская, д. 58 к 3;;Нет;LOCAL;30;NORMAL;ANY;DIAG_SET;2026-08-17T07:00:00+03:00;false;PENDING;55.5806701;37.6681476;VERIFIED_BUILDING;LOC-0060;BUILDING_CENTROID;OpenStreetMap/Nominatim;way/31668009
CORE;SOUTHEAST-88209;88209;SOUTHEAST;Юго-восток;Локальная заявка;Низкая скорость;2026-08-17T12:00:00+03:00;2026-08-17T14:00:00+03:00;Орехово Борисово Южное;Город Москва, ул.Домодедовская, д. 31;;Нет;LOCAL;30;NORMAL;CAR;DIAG_SET;2026-08-17T07:00:00+03:00;false;PENDING;55.6039003;37.7161258;VERIFIED_BUILDING;LOC-0081;BUILDING_CENTROID;OpenStreetMap/Nominatim;way/28132240
CORE;SOUTHEAST-24482;24482;SOUTHEAST;Юго-восток;Локальная заявка;Рост ошибок на порту;2026-08-17T20:00:00+03:00;2026-08-17T22:00:00+03:00;Царицыно;Город Москва, ул.Весёлая, д. 33 к 7;;Нет;LOCAL;30;NORMAL;ANY;DIAG_SET;2026-08-17T07:00:00+03:00;false;PENDING;55.6235129;37.6631328;VERIFIED_BUILDING;LOC-0073;BUILDING_CENTROID;OpenStreetMap/Nominatim;way/39532108
CORE;SOUTHEAST-40111;40111;SOUTHEAST;Юго-восток;Локальная заявка;Работа с кабелем;2026-08-17T10:00:00+03:00;2026-08-17T12:00:00+03:00;Ступино;Ступино, ул.Калинина, д. 34;;Нет;LOCAL;30;NORMAL;CAR;DIAG_SET|CABLE_SET|CABLE_PACK;2026-08-17T07:00:00+03:00;false;PENDING;54.8917937;38.0692054;VERIFIED_BUILDING;LOC-0189;BUILDING_CENTROID;OpenStreetMap/Nominatim;way/190651511
CORE;SOUTHEAST-46199;46199;SOUTHEAST;Юго-восток;Локальная заявка;Нет линка;2026-08-17T12:00:00+03:00;2026-08-17T14:00:00+03:00;Домодедово;Домодедово, ул.Ильюшина, д. 11 к 2;;Нет;LOCAL;30;NORMAL;CAR;DIAG_SET;2026-08-17T07:00:00+03:00;false;PENDING;55.4144868;37.8424754;VERIFIED_BUILDING;LOC-0164;BUILDING_CENTROID;OpenStreetMap/Nominatim;way/77436004
CORE;SOUTHEAST-75282;75282;SOUTHEAST;Юго-восток;Локальная заявка;Роутер. Замена техническим специалистом;2026-08-17T16:00:00+03:00;2026-08-17T18:00:00+03:00;Бирюлево Западное;Город Москва, проезд.Востряковский, д. 15 к 4;;Нет;LOCAL;30;NORMAL;ANY;DIAG_SET|ROUTER;2026-08-17T07:00:00+03:00;false;PENDING;55.5768738;37.6492402;VERIFIED_BUILDING;LOC-0032;BUILDING_CENTROID;OpenStreetMap/Nominatim;way/31667736
CORE;SOUTHEAST-63577;63577;SOUTHEAST;Юго-восток;Локальная заявка;Нет линка;2026-08-17T10:00:00+03:00;2026-08-17T12:00:00+03:00;Домодедово;Домодедово, ул.Корнеева, д. 48;;Нет;LOCAL;30;NORMAL;CAR;DIAG_SET;2026-08-17T07:00:00+03:00;false;PENDING;55.4235837;37.7782889;VERIFIED_BUILDING;LOC-0167;BUILDING_CENTROID;OpenStreetMap/Nominatim;way/115209769
CORE;SOUTHEAST-7610;7610;SOUTHEAST;Юго-восток;Локальная заявка;Переключение на Гбит/с;2026-08-17T18:00:00+03:00;2026-08-17T20:00:00+03:00;Царицыно;Город Москва, ул.Луганская, д. 4 к 1;;Нет;LOCAL;30;NORMAL;ANY;DIAG_SET|INSTALL_SET;2026-08-17T07:00:00+03:00;false;PENDING;55.6248172;37.665112;VERIFIED_BUILDING;LOC-0101;BUILDING_CENTROID;OpenStreetMap/Nominatim;way/39532109
CORE;SOUTHEAST-19216;19216;SOUTHEAST;Юго-восток;Локальная заявка;TVE/ENT. Замена приставки техником;2026-08-17T12:00:00+03:00;2026-08-17T14:00:00+03:00;Царицыно;Город Москва, ул.Луганская, д. 3 к 1;;Нет;LOCAL;30;NORMAL;ANY;DIAG_SET|TV_BOX;2026-08-17T07:00:00+03:00;false;PENDING;55.6278364;37.664554;VERIFIED_BUILDING;LOC-0100;BUILDING_CENTROID;OpenStreetMap/Nominatim;way/27644920
CORE;SOUTHEAST-11872;11872;SOUTHEAST;Юго-восток;Локальная заявка;Рост ошибок на порту;2026-08-17T14:00:00+03:00;2026-08-17T16:00:00+03:00;Царицыно;Город Москва, ул.Весёлая, д. 33 к 7;;Нет;LOCAL;30;NORMAL;ANY;DIAG_SET;2026-08-17T07:00:00+03:00;false;PENDING;55.6235129;37.6631328;VERIFIED_BUILDING;LOC-0073;BUILDING_CENTROID;OpenStreetMap/Nominatim;way/39532108
CORE;SOUTHEAST-54422;54422;SOUTHEAST;Юго-восток;Локальная заявка;IP-адрес 169...;2026-08-17T16:00:00+03:00;2026-08-17T18:00:00+03:00;Царицыно;Город Москва, ул.Луганская, д. 1;;Нет;LOCAL;30;NORMAL;ANY;DIAG_SET;2026-08-17T07:00:00+03:00;false;PENDING;55.6287028;37.6637203;VERIFIED_BUILDING;LOC-0099;BUILDING_CENTROID;OpenStreetMap/Nominatim;way/96324767
CORE;SOUTHEAST-4724;4724;SOUTHEAST;Юго-восток;Локальная заявка;Низкая скорость;2026-08-17T18:00:00+03:00;2026-08-17T20:00:00+03:00;Царицыно;Город Москва, ул.Кантемировская, д. 5 к 2;;Нет;LOCAL;30;NORMAL;ANY;DIAG_SET;2026-08-17T07:00:00+03:00;false;PENDING;55.6351144;37.6773965;VERIFIED_BUILDING;LOC-0090;BUILDING_CENTROID;OpenStreetMap/Nominatim;way/31024681
CORE;SOUTHEAST-60886;60886;SOUTHEAST;Юго-восток;Локальная заявка;Переключение на Гбит/с;2026-08-17T16:00:00+03:00;2026-08-17T18:00:00+03:00;Орехово Борисово Северное;Город Москва, ул.Маршала Захарова, д. 18 к 1;;Нет;LOCAL;30;NORMAL;ANY;DIAG_SET|INSTALL_SET;2026-08-17T07:00:00+03:00;false;PENDING;55.6204412;37.6958848;VERIFIED_BUILDING;LOC-0104;BUILDING_CENTROID;OpenStreetMap/Nominatim;way/31064333
CORE;SOUTHEAST-63894;63894;SOUTHEAST;Юго-восток;Локальная заявка;IP-адрес 169...;2026-08-17T12:00:00+03:00;2026-08-17T14:00:00+03:00;Орехово Борисово Северное;Город Москва, ул.Шипиловская, д. 38;;Нет;LOCAL;30;NORMAL;ANY;DIAG_SET;2026-08-17T07:00:00+03:00;false;PENDING;55.6205105;37.7245073;VERIFIED_BUILDING;LOC-0153;BUILDING_CENTROID;OpenStreetMap/Nominatim;way/27644618
CORE;SOUTHEAST-64168;64168;SOUTHEAST;Юго-восток;Локальная заявка;TVE/ENT. Замена приставки техником;2026-08-17T16:00:00+03:00;2026-08-17T18:00:00+03:00;Орехово Борисово Южное;Город Москва, проезд.Гурьевский, д. 19 к 2;;Нет;LOCAL;30;NORMAL;ANY;DIAG_SET|TV_BOX;2026-08-17T07:00:00+03:00;false;PENDING;55.607134;37.7503407;VERIFIED_BUILDING;LOC-0033;BUILDING_CENTROID;OpenStreetMap/Nominatim;way/37214101
CORE;SOUTHEAST-40919;40919;SOUTHEAST;Юго-восток;Локальная заявка;Рост ошибок на порту;2026-08-17T10:00:00+03:00;2026-08-17T12:00:00+03:00;Орехово Борисово Северное;Город Москва, проезд.Борисовский, д. 44 к 3;;Нет;LOCAL;30;NORMAL;ANY;DIAG_SET;2026-08-17T07:00:00+03:00;false;PENDING;55.6144125;37.7226952;VERIFIED_BUILDING;LOC-0030;BUILDING_CENTROID;OpenStreetMap/Nominatim;way/38964473
CORE;SOUTHEAST-36961;36961;SOUTHEAST;Юго-восток;Локальная заявка;Нет линка;2026-08-17T18:00:00+03:00;2026-08-17T20:00:00+03:00;Зябликово;Город Москва, проезд.Ореховый, д. 23 к 1;;Нет;LOCAL;30;NORMAL;ANY;DIAG_SET;2026-08-17T07:00:00+03:00;false;PENDING;55.6228247;37.7313782;VERIFIED_BUILDING;LOC-0038;BUILDING_CENTROID;OpenStreetMap/Nominatim;way/27644586
CORE;SOUTHEAST-12329;12329;SOUTHEAST;Юго-восток;Локальная заявка;Разрывы;2026-08-17T12:00:00+03:00;2026-08-17T14:00:00+03:00;Бирюлево Западное;Город Москва, ул.Булатниковская, д. 4 к 1;;Нет;LOCAL;30;NORMAL;ANY;DIAG_SET;2026-08-17T07:00:00+03:00;false;PENDING;55.5812013;37.6475142;VERIFIED_BUILDING;LOC-0072;BUILDING_CENTROID;OpenStreetMap/Nominatim;way/31667668
CORE;SOUTHEAST-95692;95692;SOUTHEAST;Юго-восток;Локальная заявка;Нет линка;2026-08-17T10:00:00+03:00;2026-08-17T12:00:00+03:00;Зябликово;Город Москва, б-р.Ореховый, д. 61 к 1;;Нет;LOCAL;30;NORMAL;ANY;DIAG_SET;2026-08-17T07:00:00+03:00;false;PENDING;55.6170816;37.7583887;VERIFIED_BUILDING;LOC-0005;BUILDING_CENTROID;OpenStreetMap/Nominatim;way/40678933
CORE;SOUTHEAST-13583;13583;SOUTHEAST;Юго-восток;Локальная заявка;Нет линка;2026-08-17T14:00:00+03:00;2026-08-17T16:00:00+03:00;Домодедово;Домодедово, проезд.Кутузовский, д. 16;;Нет;LOCAL;30;NORMAL;CAR;DIAG_SET;2026-08-17T07:00:00+03:00;false;PENDING;55.4371874;37.7619456;VERIFIED_BUILDING;LOC-0159;BUILDING_CENTROID;OpenStreetMap/Nominatim;way/114576749
CORE;SOUTHEAST-3151;3151;SOUTHEAST;Юго-восток;Локальная заявка;Нет линка;2026-08-17T12:00:00+03:00;2026-08-17T14:00:00+03:00;Кашира;Кашира, ул.Ленина, д. 11 к 3;;Нет;LOCAL;30;NORMAL;CAR;DIAG_SET;2026-08-17T07:00:00+03:00;false;PENDING;54.8429121;38.1907273;VERIFIED_BUILDING;LOC-0171;BUILDING_CENTROID;OpenStreetMap/Nominatim;way/104411974
CORE;SOUTHEAST-20055;20055;SOUTHEAST;Юго-восток;Локальная заявка;IP-адрес 169...;2026-08-17T12:00:00+03:00;2026-08-17T14:00:00+03:00;Зябликово;Город Москва, ул.Мусы Джалиля, д. 9 к 1;;Нет;LOCAL;30;NORMAL;ANY;DIAG_SET;2026-08-17T07:00:00+03:00;false;PENDING;55.6274499;37.7437967;VERIFIED_BUILDING;LOC-0111;BUILDING_CENTROID;OpenStreetMap/Nominatim;way/45339360
CORE;SOUTHEAST-7258;7258;SOUTHEAST;Юго-восток;Глобальная проблема;Авария;2026-08-17T20:00:00+03:00;2026-08-17T22:00:00+03:00;Домодедово;обл.Московская область, г.Домодедово, пгт.Востряково-1, ул.Жуковского, д. 14/18;;Нет;EMERGENCY;80;URGENT;CAR;DIAG_SET|CABLE_SET|CABLE_PACK;2026-08-17T07:00:00+03:00;false;PENDING;55.4118698;37.8397236;VERIFIED_BUILDING;LOC-0200;BUILDING_CENTROID;OpenStreetMap/Nominatim;way/399606307
CORE;SOUTHEAST-98998;98998;SOUTHEAST;Юго-восток;Глобальная проблема;Авария;2026-08-17T00:01:00+03:00;2026-08-17T23:59:00+03:00;Кашира;МО, г. Кашира Кржижановского ул. д. 5/1;;Нет;EMERGENCY;80;URGENT;CAR;DIAG_SET|CABLE_SET|CABLE_PACK;2026-08-17T07:00:00+03:00;false;PENDING;54.840976;38.239527;VERIFIED_BUILDING;LOC-0178;BUILDING_CENTROID;2GIS public map;70030076201315613
CORE;SOUTHEAST-32589;32589;SOUTHEAST;Юго-восток;Глобальная проблема;Авария;2026-08-17T00:01:00+03:00;2026-08-17T23:59:00+03:00;Кашира;МО, г. Кашира Кржижановского ул. д. 7к2;;Нет;EMERGENCY;80;URGENT;CAR;DIAG_SET|CABLE_SET|CABLE_PACK;2026-08-17T07:00:00+03:00;false;PENDING;54.839927;38.24158;VERIFIED_BUILDING;LOC-0181;BUILDING_CENTROID;2GIS public map;70030076201315499
CORE;SOUTHEAST-51774;51774;SOUTHEAST;Юго-восток;Глобальная проблема;Авария;2026-08-17T00:01:00+03:00;2026-08-17T23:59:00+03:00;Кашира;МО, г. Кашира Кржижановского ул. д. 5/3;;Нет;EMERGENCY;80;URGENT;CAR;DIAG_SET|CABLE_SET|CABLE_PACK;2026-08-17T07:00:00+03:00;false;PENDING;54.840831;38.242986;VERIFIED_BUILDING;LOC-0180;BUILDING_CENTROID;2GIS public map;70030076201315500
CORE;SOUTHEAST-90915;90915;SOUTHEAST;Юго-восток;Глобальная проблема;Авария;2026-08-17T00:01:00+03:00;2026-08-17T23:59:00+03:00;Кашира;МО, г. Кашира Кржижановского ул. д. 5/2;;Нет;EMERGENCY;80;URGENT;CAR;DIAG_SET|CABLE_SET|CABLE_PACK;2026-08-17T07:00:00+03:00;false;PENDING;54.840664;38.242023;VERIFIED_BUILDING;LOC-0179;BUILDING_CENTROID;2GIS public map;70030076201315501
CORE;SOUTHEAST-45243;45243;SOUTHEAST;Юго-восток;Глобальная проблема;Авария;2026-08-17T00:01:00+03:00;2026-08-17T23:59:00+03:00;Кашира;МО, г. Кашира Кржижановского ул. д. 5/1;;Нет;EMERGENCY;80;URGENT;CAR;DIAG_SET|CABLE_SET|CABLE_PACK;2026-08-17T07:00:00+03:00;false;PENDING;54.840976;38.239527;VERIFIED_BUILDING;LOC-0178;BUILDING_CENTROID;2GIS public map;70030076201315613
CORE;SOUTHEAST-81698;81698;SOUTHEAST;Юго-восток;Глобальная проблема;Авария;2026-08-17T00:01:00+03:00;2026-08-17T23:59:00+03:00;Ступино;МО, г. Ступино Андропова ул. д. 37;;Нет;EMERGENCY;80;URGENT;CAR;DIAG_SET|CABLE_SET|CABLE_PACK;2026-08-17T07:00:00+03:00;false;PENDING;54.8858274;38.0821597;VERIFIED_BUILDING;LOC-0185;BUILDING_CENTROID;OpenStreetMap/Nominatim;way/165873344
CORE;SOUTHEAST-97168;97168;SOUTHEAST;Юго-восток;Глобальная проблема;Авария;2026-08-17T00:01:00+03:00;2026-08-17T23:59:00+03:00;Ступино;МО, г. Ступино Андропова ул. д. 33;;Нет;EMERGENCY;80;URGENT;CAR;DIAG_SET|CABLE_SET|CABLE_PACK;2026-08-17T07:00:00+03:00;false;PENDING;54.8857555;38.082999;VERIFIED_BUILDING;LOC-0184;BUILDING_CENTROID;OpenStreetMap/Nominatim;way/165873335
CORE;SOUTHEAST-65034;65034;SOUTHEAST;Юго-восток;Глобальная проблема;Авария;2026-08-17T00:01:00+03:00;2026-08-17T23:59:00+03:00;Кашира;МО, г. Кашира Центральная ул. д. 19;;Нет;EMERGENCY;80;URGENT;CAR;DIAG_SET|CABLE_SET|CABLE_PACK;2026-08-17T07:00:00+03:00;false;PENDING;54.8415134;38.2407727;VERIFIED_BUILDING;LOC-0182;BUILDING_CENTROID;OpenStreetMap/Nominatim;way/106326930
CORE;SOUTHCENTER-32840;32840;SOUTHCENTER;Югоцентр;Подключение;Конвергенция абонента;2026-08-17T18:00:00+03:00;2026-08-17T20:00:00+03:00;Даниловский;Город Москва, проезд.3-й Павелецкий, д. 9;;Нет;INSTALL;70;NORMAL;ANY;DIAG_SET|INSTALL_SET|CABLE_PACK;2026-08-17T07:00:00+03:00;false;PENDING;55.7107376;37.6405504;VERIFIED_BUILDING;LOC-0029;BUILDING_CENTROID;OpenStreetMap/Nominatim;way/46491840
CORE;SOUTHCENTER-78540;78540;SOUTHCENTER;Югоцентр;Подключение;Конвергенция абонента;2026-08-17T18:00:00+03:00;2026-08-17T20:00:00+03:00;Даниловский;Город Москва, ул.Восточная, д. 2 к 2;;Нет;INSTALL;70;NORMAL;ANY;DIAG_SET|INSTALL_SET|CABLE_PACK;2026-08-17T07:00:00+03:00;false;PENDING;55.7169675;37.6604783;VERIFIED_BUILDING;LOC-0076;BUILDING_CENTROID;OpenStreetMap/Nominatim;way/23414806
CORE;SOUTHCENTER-66376;66376;SOUTHCENTER;Югоцентр;Подключение;Конвергенция абонента;2026-08-17T18:00:00+03:00;2026-08-17T20:00:00+03:00;GPON Даниловский;Город Москва, ул.Дубининская, д. 59 к 2;;Нет;INSTALL;70;NORMAL;ANY;DIAG_SET|INSTALL_SET|CABLE_PACK;2026-08-17T07:00:00+03:00;false;PENDING;55.719742;37.637204;VERIFIED_SITE;LOC-0082;SITE_CENTROID;2GIS public map;70000001088745753
CORE;SOUTHCENTER-23637;23637;SOUTHCENTER;Югоцентр;Подключение;Конвергенция абонента;2026-08-17T20:00:00+03:00;2026-08-17T22:00:00+03:00;Академический;Город Москва, ул.Шверника, д. 18 к 2;;Нет;INSTALL;70;NORMAL;ANY;DIAG_SET|INSTALL_SET|CABLE_PACK;2026-08-17T07:00:00+03:00;false;PENDING;55.6890678;37.5927091;VERIFIED_BUILDING;LOC-0150;BUILDING_CENTROID;OpenStreetMap/Nominatim;way/30385600
CORE;SOUTHCENTER-97770;97770;SOUTHCENTER;Югоцентр;Подключение;Конвергенция абонента;2026-08-17T20:00:00+03:00;2026-08-17T22:00:00+03:00;Котловка;Город Москва, ул.Нагорная, д. 44 к 2;;Нет;INSTALL;70;NORMAL;ANY;DIAG_SET|INSTALL_SET|CABLE_PACK;2026-08-17T07:00:00+03:00;false;PENDING;55.6702038;37.5892003;VERIFIED_BUILDING;LOC-0112;BUILDING_CENTROID;OpenStreetMap/Nominatim;way/48135522
CORE;SOUTHCENTER-55711;55711;SOUTHCENTER;Югоцентр;Подключение;Конвергенция абонента;2026-08-17T12:00:00+03:00;2026-08-17T14:00:00+03:00;Зюзино;Город Москва, ул.Херсонская, д. 18;;Нет;INSTALL;70;NORMAL;ANY;DIAG_SET|INSTALL_SET|CABLE_PACK;2026-08-17T07:00:00+03:00;false;PENDING;55.6520916;37.5678576;VERIFIED_BUILDING;LOC-0145;BUILDING_CENTROID;OpenStreetMap/Nominatim;way/29096506
CORE;SOUTHCENTER-76944;76944;SOUTHCENTER;Югоцентр;Подключение;Конвергенция абонента;2026-08-17T16:00:00+03:00;2026-08-17T18:00:00+03:00;Академический;Город Москва, пр-кт.60-летия Октября, д. 18 к 2;;Нет;INSTALL;70;NORMAL;ANY;DIAG_SET|INSTALL_SET|CABLE_PACK;2026-08-17T07:00:00+03:00;false;PENDING;55.6894338;37.573364;VERIFIED_BUILDING;LOC-0018;BUILDING_CENTROID;OpenStreetMap/Nominatim;way/35074116
CORE;SOUTHCENTER-75881;75881;SOUTHCENTER;Югоцентр;Подключение;Конвергенция абонента;2026-08-17T14:00:00+03:00;2026-08-17T16:00:00+03:00;Академический;Город Москва, ул.Дмитрия Ульянова, д. 27;;Нет;INSTALL;70;NORMAL;ANY;DIAG_SET|INSTALL_SET|CABLE_PACK;2026-08-17T07:00:00+03:00;false;PENDING;55.6858472;37.5809496;VERIFIED_BUILDING;LOC-0080;BUILDING_CENTROID;OpenStreetMap/Nominatim;way/479848327
CORE;SOUTHCENTER-85188;85188;SOUTHCENTER;Югоцентр;Подключение;Заказ подключения/Дозаказ оборудования;2026-08-17T16:00:00+03:00;2026-08-17T18:00:00+03:00;Хамовники;Город Москва, ул.Усачёва, д. 29 к 1;;Нет;INSTALL;70;NORMAL;ANY;DIAG_SET|INSTALL_SET|CABLE_PACK;2026-08-17T07:00:00+03:00;false;PENDING;55.7242516;37.5634155;VERIFIED_BUILDING;LOC-0142;BUILDING_CENTROID;OpenStreetMap/Nominatim;way/30433277
CORE;SOUTHCENTER-6185;6185;SOUTHCENTER;Югоцентр;Подключение;Конвергенция абонента;2026-08-17T18:00:00+03:00;2026-08-17T20:00:00+03:00;Зюзино;Город Москва, пр-кт.Балаклавский, д. 20 к 4;;Нет;INSTALL;70;NORMAL;ANY;DIAG_SET|INSTALL_SET|CABLE_PACK;2026-08-17T07:00:00+03:00;false;PENDING;55.6423446;37.5959185;VERIFIED_BUILDING;LOC-0019;BUILDING_CENTROID;OpenStreetMap/Nominatim;way/28835245
CORE;SOUTHCENTER-80548;80548;SOUTHCENTER;Югоцентр;Подключение;Конвергенция абонента;2026-08-17T16:00:00+03:00;2026-08-17T18:00:00+03:00;Нагатино - Садовники;Город Москва, ул.Садовники, д. 10 к 1;;Нет;INSTALL;70;NORMAL;ANY;DIAG_SET|INSTALL_SET|CABLE_PACK;2026-08-17T07:00:00+03:00;false;PENDING;55.6710631;37.6527567;VERIFIED_BUILDING;LOC-0128;BUILDING_CENTROID;OpenStreetMap/Nominatim;way/31663872
CORE;SOUTHCENTER-76452;76452;SOUTHCENTER;Югоцентр;Подключение;Конвергенция абонента;2026-08-17T12:00:00+03:00;2026-08-17T14:00:00+03:00;Зюзино;Город Москва, ул.Каховка, д. 7 к 1;;Нет;INSTALL;70;NORMAL;ANY;DIAG_SET|INSTALL_SET|CABLE_PACK;2026-08-17T07:00:00+03:00;false;PENDING;55.6510015;37.5899929;VERIFIED_BUILDING;LOC-0091;BUILDING_CENTROID;OpenStreetMap/Nominatim;way/29277621
CORE;SOUTHCENTER-79707;79707;SOUTHCENTER;Югоцентр;Подключение;Конвергенция абонента;2026-08-17T10:00:00+03:00;2026-08-17T12:00:00+03:00;Хамовники;Город Москва, ул.Плющиха, д. 42;;Нет;INSTALL;70;NORMAL;ANY;DIAG_SET|INSTALL_SET|CABLE_PACK;2026-08-17T07:00:00+03:00;false;PENDING;55.7411713;37.5763858;VERIFIED_BUILDING;LOC-0124;BUILDING_CENTROID;OpenStreetMap/Nominatim;way/35683139
CORE;SOUTHCENTER-23142;23142;SOUTHCENTER;Югоцентр;Подключение;Конвергенция абонента;2026-08-17T10:00:00+03:00;2026-08-17T12:00:00+03:00;Нагатинский Затон;Город Москва, ул.Судостроительная, д. 31 к 3;;Нет;INSTALL;70;NORMAL;ANY;DIAG_SET|INSTALL_SET|CABLE_PACK;2026-08-17T07:00:00+03:00;false;PENDING;55.6848526;37.6804749;VERIFIED_BUILDING;LOC-0135;BUILDING_CENTROID;OpenStreetMap/Nominatim;way/31648099
CORE;SOUTHCENTER-10776;10776;SOUTHCENTER;Югоцентр;Подключение;Конвергенция абонента;2026-08-17T12:00:00+03:00;2026-08-17T14:00:00+03:00;Нагатинский Затон;Город Москва, ул.Судостроительная, д. 36;;Нет;INSTALL;70;NORMAL;ANY;DIAG_SET|INSTALL_SET|CABLE_PACK;2026-08-17T07:00:00+03:00;false;PENDING;55.6841931;37.6875838;VERIFIED_BUILDING;LOC-0136;BUILDING_CENTROID;OpenStreetMap/Nominatim;way/31650602
CORE;SOUTHCENTER-94447;94447;SOUTHCENTER;Югоцентр;Подключение;Заказ подключения/Дозаказ оборудования;2026-08-17T10:00:00+03:00;2026-08-17T12:00:00+03:00;Нагатинский Затон;Город Москва, ул.Затонная, д. 11 к 3;;Нет;INSTALL;70;NORMAL;ANY;DIAG_SET|INSTALL_SET|CABLE_PACK;2026-08-17T07:00:00+03:00;false;PENDING;55.6790858;37.6884067;VERIFIED_BUILDING;LOC-0085;BUILDING_CENTROID;OpenStreetMap/Nominatim;way/30858014
CORE;SOUTHCENTER-94575;94575;SOUTHCENTER;Югоцентр;Подключение;Конвергенция абонента;2026-08-17T18:00:00+03:00;2026-08-17T20:00:00+03:00;Даниловский;Город Москва, ул.Автозаводская, д. 11;;Нет;INSTALL;70;NORMAL;ANY;DIAG_SET|INSTALL_SET|CABLE_PACK;2026-08-17T07:00:00+03:00;false;PENDING;55.706526;37.6576591;VERIFIED_BUILDING;LOC-0053;BUILDING_CENTROID;OpenStreetMap/Nominatim;way/37191303
CORE;SOUTHCENTER-94431;94431;SOUTHCENTER;Югоцентр;Подключение;Конвергенция абонента;2026-08-17T10:00:00+03:00;2026-08-17T12:00:00+03:00;Академический;Город Москва, ул.Шверника, д. 12/2 к 3;;Нет;INSTALL;70;NORMAL;ANY;DIAG_SET|INSTALL_SET|CABLE_PACK;2026-08-17T07:00:00+03:00;false;PENDING;55.6913492;37.5866891;VERIFIED_BUILDING;LOC-0148;BUILDING_CENTROID;OpenStreetMap/Nominatim;way/30385592
CORE;SOUTHCENTER-52576;52576;SOUTHCENTER;Югоцентр;Подключение;Заявка на подключение;2026-08-17T20:00:00+03:00;2026-08-17T22:00:00+03:00;Нагатинский Затон;Город Москва, ул.Судостроительная, д. 27 к 2;;Нет;INSTALL;70;NORMAL;ANY;DIAG_SET|INSTALL_SET|CABLE_PACK;2026-08-17T07:00:00+03:00;false;PENDING;55.683529;37.6793639;VERIFIED_BUILDING;LOC-0134;BUILDING_CENTROID;OpenStreetMap/Nominatim;way/31648405
CORE;SOUTHCENTER-66315;66315;SOUTHCENTER;Югоцентр;Подключение;Конвергенция абонента;2026-08-17T16:00:00+03:00;2026-08-17T18:00:00+03:00;Академический;Город Москва, ул.Шверника, д. 3;;Нет;INSTALL;70;NORMAL;ANY;DIAG_SET|INSTALL_SET|CABLE_PACK;2026-08-17T07:00:00+03:00;false;PENDING;55.694198;37.5818461;VERIFIED_BUILDING;LOC-0151;BUILDING_CENTROID;OpenStreetMap/Nominatim;relation/3091072
CORE;SOUTHCENTER-93544;93544;SOUTHCENTER;Югоцентр;Подключение;Конвергенция абонента;2026-08-17T12:00:00+03:00;2026-08-17T14:00:00+03:00;Зюзино;Город Москва, б-р.Черноморский, д. 19 к 2;;Нет;INSTALL;70;NORMAL;ANY;DIAG_SET|INSTALL_SET|CABLE_PACK;2026-08-17T07:00:00+03:00;false;PENDING;55.6448239;37.5978906;VERIFIED_BUILDING;LOC-0010;BUILDING_CENTROID;OpenStreetMap/Nominatim;way/29325280
CORE;SOUTHCENTER-16024;16024;SOUTHCENTER;Югоцентр;Подключение;Заявка на подключение;2026-08-17T10:00:00+03:00;2026-08-17T12:00:00+03:00;Нагатинский Затон;Город Москва, б-р.Кленовый, д. 10 к 1;;Нет;INSTALL;70;NORMAL;ANY;DIAG_SET|INSTALL_SET|CABLE_PACK;2026-08-17T07:00:00+03:00;false;PENDING;55.6827402;37.6732411;VERIFIED_BUILDING;LOC-0002;BUILDING_CENTROID;OpenStreetMap/Nominatim;way/30858373
CORE;SOUTHCENTER-90373;90373;SOUTHCENTER;Югоцентр;Подключение;Конвергенция абонента;2026-08-17T12:00:00+03:00;2026-08-17T14:00:00+03:00;Нагатинский Затон;Город Москва, ул.Коломенская, д. 5;;Нет;INSTALL;70;NORMAL;ANY;DIAG_SET|INSTALL_SET|CABLE_PACK;2026-08-17T07:00:00+03:00;false;PENDING;55.6821727;37.704796;VERIFIED_BUILDING;LOC-0095;BUILDING_CENTROID;OpenStreetMap/Nominatim;relation/7748288
CORE;SOUTHCENTER-79719;79719;SOUTHCENTER;Югоцентр;Подключение;Заказ подключения/Дозаказ оборудования;2026-08-17T12:00:00+03:00;2026-08-17T14:00:00+03:00;Хамовники;Город Москва, б-р.Смоленский, д. 17 стр. 1;;Нет;INSTALL;70;NORMAL;ANY;DIAG_SET|INSTALL_SET|CABLE_PACK;2026-08-17T07:00:00+03:00;false;PENDING;55.742465;37.5835089;VERIFIED_BUILDING;LOC-0009;BUILDING_CENTROID;OpenStreetMap/Nominatim;relation/17682467
CORE;SOUTHCENTER-6957;6957;SOUTHCENTER;Югоцентр;Подключение;Конвергенция абонента;2026-08-17T10:00:00+03:00;2026-08-17T12:00:00+03:00;Хамовники;Город Москва, ул.Усачёва, д. 25;;Нет;INSTALL;70;NORMAL;ANY;DIAG_SET|INSTALL_SET|CABLE_PACK;2026-08-17T07:00:00+03:00;false;PENDING;55.7249586;37.5651309;VERIFIED_BUILDING;LOC-0141;BUILDING_CENTROID;OpenStreetMap/Nominatim;way/29001017
CORE;SOUTHCENTER-49105;49105;SOUTHCENTER;Югоцентр;Дозаказ;Заказ подключения/Дозаказ оборудования;2026-08-17T20:00:00+03:00;2026-08-17T22:00:00+03:00;Котловка;Город Москва, ул.Ремизова, д. 15 к 2;;Нет;INSTALL;20;NORMAL;ANY;DIAG_SET|INSTALL_SET|CABLE_PACK;2026-08-17T07:00:00+03:00;false;PENDING;55.6757919;37.6040072;VERIFIED_BUILDING;LOC-0126;BUILDING_CENTROID;OpenStreetMap/Nominatim;way/32610802
CORE;SOUTHCENTER-26177;26177;SOUTHCENTER;Югоцентр;Локальная заявка;Нет линка;2026-08-17T20:00:00+03:00;2026-08-17T22:00:00+03:00;Нагатино - Садовники;Город Москва, ул.Академика Миллионщикова, д. 13 к 1;;Нет;LOCAL;30;NORMAL;ANY;DIAG_SET;2026-08-17T07:00:00+03:00;false;PENDING;55.670034;37.64979;VERIFIED_BUILDING;LOC-0054;BUILDING_CENTROID;2GIS public map;4504235282606690
CORE;SOUTHCENTER-77795;77795;SOUTHCENTER;Югоцентр;Локальная заявка;TVE/ENT. Другие ошибки;2026-08-17T18:00:00+03:00;2026-08-17T20:00:00+03:00;Академический;Город Москва, ул.Винокурова, д. 5/6 к 2;;Нет;LOCAL;30;NORMAL;ANY;DIAG_SET;2026-08-17T07:00:00+03:00;false;PENDING;55.6898618;37.5850112;VERIFIED_BUILDING;LOC-0075;BUILDING_CENTROID;OpenStreetMap/Nominatim;way/30385588
CORE;SOUTHCENTER-24132;24132;SOUTHCENTER;Югоцентр;Локальная заявка;Нет линка;2026-08-17T20:00:00+03:00;2026-08-17T22:00:00+03:00;Зюзино;Город Москва, пр-кт.Балаклавский, д. 50;;Нет;LOCAL;30;NORMAL;ANY;DIAG_SET;2026-08-17T07:00:00+03:00;false;PENDING;55.6494293;37.5705283;VERIFIED_BUILDING;LOC-0020;BUILDING_CENTROID;OpenStreetMap/Nominatim;way/29096508
CORE;SOUTHCENTER-99841;99841;SOUTHCENTER;Югоцентр;Локальная заявка;Нет линка;2026-08-17T18:00:00+03:00;2026-08-17T20:00:00+03:00;Нагорный;Город Москва, б-р.Симферопольский, д. 27;;Нет;LOCAL;30;NORMAL;ANY;DIAG_SET;2026-08-17T07:00:00+03:00;false;PENDING;55.6486775;37.6062192;VERIFIED_BUILDING;LOC-0008;BUILDING_CENTROID;OpenStreetMap/Nominatim;way/36743673
CORE;SOUTHCENTER-90709;90709;SOUTHCENTER;Югоцентр;Локальная заявка;Разрывы;2026-08-17T16:00:00+03:00;2026-08-17T18:00:00+03:00;Нагатинский Затон;Город Москва, ул.Коломенская, д. 21;;Нет;LOCAL;30;NORMAL;ANY;DIAG_SET;2026-08-17T07:00:00+03:00;false;PENDING;55.6777277;37.6943031;VERIFIED_BUILDING;LOC-0094;BUILDING_CENTROID;OpenStreetMap/Nominatim;way/31650144
CORE;SOUTHCENTER-84074;84074;SOUTHCENTER;Югоцентр;Локальная заявка;Нет линка;2026-08-17T12:00:00+03:00;2026-08-17T14:00:00+03:00;Нагатинский Затон;Город Москва, наб.Нагатинская, д. 60 к 2;;Нет;LOCAL;30;NORMAL;ANY;DIAG_SET;2026-08-17T07:00:00+03:00;false;PENDING;55.687915;37.6872923;VERIFIED_BUILDING;LOC-0013;BUILDING_CENTROID;OpenStreetMap/Nominatim;way/31649318
CORE;SOUTHCENTER-12263;12263;SOUTHCENTER;Югоцентр;Локальная заявка;Нет линка;2026-08-17T10:00:00+03:00;2026-08-17T12:00:00+03:00;Нагатино - Садовники;Город Москва, проезд.Коломенский, д. 27 к 3;;Нет;LOCAL;30;NORMAL;ANY;DIAG_SET;2026-08-17T07:00:00+03:00;false;PENDING;55.6688423;37.658283;VERIFIED_BUILDING;LOC-0037;BUILDING_CENTROID;OpenStreetMap/Nominatim;way/31663887
CORE;SOUTHCENTER-95501;95501;SOUTHCENTER;Югоцентр;Локальная заявка;Нет линка;2026-08-17T20:00:00+03:00;2026-08-17T22:00:00+03:00;Нагатинский Затон;Город Москва, ул.Затонная, д. 12 к 1;;Нет;LOCAL;30;NORMAL;ANY;DIAG_SET;2026-08-17T07:00:00+03:00;false;PENDING;55.6771232;37.6857562;VERIFIED_BUILDING;LOC-0086;BUILDING_CENTROID;OpenStreetMap/Nominatim;way/31650128
CORE;SOUTHCENTER-92618;92618;SOUTHCENTER;Югоцентр;Локальная заявка;IP-адрес 169...;2026-08-17T18:00:00+03:00;2026-08-17T20:00:00+03:00;Донской;Город Москва, пр-кт.Севастопольский, д. 9 к 1;;Нет;LOCAL;30;NORMAL;ANY;DIAG_SET;2026-08-17T07:00:00+03:00;false;PENDING;55.6911832;37.6075362;VERIFIED_BUILDING;LOC-0027;BUILDING_CENTROID;OpenStreetMap/Nominatim;way/620857854
CORE;SOUTHCENTER-26845;26845;SOUTHCENTER;Югоцентр;Локальная заявка;Роутер. Замена техническим специалистом;2026-08-17T12:00:00+03:00;2026-08-17T14:00:00+03:00;Даниловский;Город Москва, проезд.3-й Павелецкий, д. 7 к 2;;Нет;LOCAL;30;NORMAL;ANY;DIAG_SET|ROUTER;2026-08-17T07:00:00+03:00;false;PENDING;55.710645;37.6418372;VERIFIED_BUILDING;LOC-0028;BUILDING_CENTROID;OpenStreetMap/Nominatim;way/46491793
CORE;SOUTHCENTER-80308;80308;SOUTHCENTER;Югоцентр;Локальная заявка;IP-адрес 169...;2026-08-17T10:00:00+03:00;2026-08-17T12:00:00+03:00;Замоскворечье;Город Москва, ул.Большая Серпуховская, д. 31 к 6;;Нет;LOCAL;30;NORMAL;ANY;DIAG_SET;2026-08-17T07:00:00+03:00;false;PENDING;55.7233901;37.6286049;VERIFIED_BUILDING;LOC-0064;BUILDING_CENTROID;OpenStreetMap/Nominatim;way/43539381
CORE;SOUTHCENTER-93276;93276;SOUTHCENTER;Югоцентр;Локальная заявка;Разрывы;2026-08-17T16:00:00+03:00;2026-08-17T18:00:00+03:00;Даниловский;Город Москва, ул.2-я Рощинская, д. 11;;Нет;LOCAL;30;NORMAL;ANY;DIAG_SET;2026-08-17T07:00:00+03:00;false;PENDING;55.7092888;37.6125848;VERIFIED_BUILDING;LOC-0045;BUILDING_CENTROID;OpenStreetMap/Nominatim;way/594548243
CORE;SOUTHCENTER-61311;61311;SOUTHCENTER;Югоцентр;Локальная заявка;ТВ. Замена приставки техником;2026-08-17T16:00:00+03:00;2026-08-17T18:00:00+03:00;Даниловский;Город Москва, пер.Ослябинский, д. 3;;Нет;LOCAL;30;NORMAL;ANY;DIAG_SET|TV_BOX;2026-08-17T07:00:00+03:00;false;PENDING;55.7131672;37.6603865;VERIFIED_BUILDING;LOC-0016;BUILDING_CENTROID;OpenStreetMap/Nominatim;way/93948554
CORE;SOUTHCENTER-46513;46513;SOUTHCENTER;Югоцентр;Локальная заявка;Рост ошибок на порту;2026-08-17T10:00:00+03:00;2026-08-17T12:00:00+03:00;Академический;Город Москва, ул.Шверника, д. 14/1 к 2;;Нет;LOCAL;30;NORMAL;ANY;DIAG_SET;2026-08-17T07:00:00+03:00;false;PENDING;55.6899877;37.5902587;VERIFIED_BUILDING;LOC-0149;BUILDING_CENTROID;OpenStreetMap/Nominatim;way/30385597
CORE;SOUTHCENTER-86864;86864;SOUTHCENTER;Югоцентр;Локальная заявка;Работа с кабелем;2026-08-17T16:00:00+03:00;2026-08-17T18:00:00+03:00;Нагорный;Город Москва, б-р.Чонгарский, д. 1 к 4;;Нет;LOCAL;30;NORMAL;ANY;DIAG_SET|CABLE_SET|CABLE_PACK;2026-08-17T07:00:00+03:00;false;PENDING;55.6520362;37.6157017;VERIFIED_BUILDING;LOC-0011;BUILDING_CENTROID;OpenStreetMap/Nominatim;way/29157153
CORE;SOUTHCENTER-17896;17896;SOUTHCENTER;Югоцентр;Локальная заявка;IP-адрес 169...;2026-08-17T14:00:00+03:00;2026-08-17T16:00:00+03:00;Зюзино;Город Москва, ул.Керченская, д. 10 к 2;;Нет;LOCAL;30;NORMAL;ANY;DIAG_SET;2026-08-17T07:00:00+03:00;false;PENDING;55.6556242;37.5816709;VERIFIED_BUILDING;LOC-0092;BUILDING_CENTROID;OpenStreetMap/Nominatim;way/29277583
CORE;SOUTHCENTER-18023;18023;SOUTHCENTER;Югоцентр;Глобальная проблема;Информация;2026-08-17T14:00:00+03:00;2026-08-17T16:00:00+03:00;Гагаринский;г.Город Москва, пр-кт.Ленинский, д. 70/11;;Нет;EMERGENCY;80;NORMAL;ANY;;2026-08-17T07:00:00+03:00;false;PENDING;55.6879261;37.5407755;VERIFIED_BUILDING;LOC-0196;BUILDING_CENTROID;OpenStreetMap/Nominatim;way/46657116
