scenario;zone_id;zone_name;equipment_id;quantity_available;reservation_policy;replenishment_during_day
STRESS;EAST;Восток;ROUTER;2;RESERVE_AT_SHIFT_START;false
STRESS;EAST;Восток;TV_BOX;1;RESERVE_AT_SHIFT_START;false
STRESS;EAST;Восток;ONT_GIGABIT;2;RESERVE_AT_SHIFT_START;false
STRESS;EAST;Восток;CABLE_PACK;38;RESERVE_AT_SHIFT_START;false
STRESS;SOUTHEAST;Юго-восток;ROUTER;1;RESERVE_AT_SHIFT_START;false
STRESS;SOUTHEAST;Юго-восток;TV_BOX;2;RESERVE_AT_SHIFT_START;false
STRESS;SOUTHEAST;Юго-восток;ONT_GIGABIT;0;RESERVE_AT_SHIFT_START;false
STRESS;SOUTHEAST;Юго-восток;CABLE_PACK;53;RESERVE_AT_SHIFT_START;false
STRESS;SOUTHCENTER;Югоцентр;ROUTER;1;RESERVE_AT_SHIFT_START;false
STRESS;SOUTHCENTER;Югоцентр;TV_BOX;2;RESERVE_AT_SHIFT_START;false
STRESS;SOUTHCENTER;Югоцентр;ONT_GIGABIT;0;RESERVE_AT_SHIFT_START;false
STRESS;SOUTHCENTER;Югоцентр;CABLE_PACK;32;RESERVE_AT_SHIFT_START;false
