engineer_id;equipment_id;quantity
EAST-ENG-01;DIAG_SET;1
EAST-ENG-01;INSTALL_SET;1
EAST-ENG-01;CABLE_SET;1
EAST-ENG-02;DIAG_SET;1
EAST-ENG-03;DIAG_SET;1
EAST-ENG-03;INSTALL_SET;1
EAST-ENG-04;DIAG_SET;1
EAST-ENG-04;CABLE_SET;1
EAST-ENG-05;DIAG_SET;1
EAST-ENG-05;INSTALL_SET;1
EAST-ENG-06;DIAG_SET;1
EAST-ENG-06;CABLE_SET;1
EAST-ENG-07;DIAG_SET;1
EAST-ENG-07;INSTALL_SET;1
EAST-ENG-07;CABLE_SET;1
EAST-ENG-08;DIAG_SET;1
EAST-ENG-08;INSTALL_SET;1
EAST-ENG-09;DIAG_SET;1
EAST-ENG-09;CABLE_SET;1
EAST-ENG-10;DIAG_SET;1
EAST-ENG-10;INSTALL_SET;1
EAST-ENG-10;CABLE_SET;1
EAST-ENG-11;DIAG_SET;1
EAST-ENG-11;INSTALL_SET;1
EAST-ENG-11;CABLE_SET;1
EAST-ENG-12;DIAG_SET;1
EAST-ENG-12;INSTALL_SET;1
SOUTHEAST-ENG-01;DIAG_SET;1
SOUTHEAST-ENG-01;INSTALL_SET;1
SOUTHEAST-ENG-01;CABLE_SET;1
SOUTHEAST-ENG-02;DIAG_SET;1
SOUTHEAST-ENG-03;DIAG_SET;1
SOUTHEAST-ENG-03;INSTALL_SET;1
SOUTHEAST-ENG-04;DIAG_SET;1
SOUTHEAST-ENG-04;CABLE_SET;1
SOUTHEAST-ENG-05;DIAG_SET;1
SOUTHEAST-ENG-05;INSTALL_SET;1
SOUTHEAST-ENG-06;DIAG_SET;1
SOUTHEAST-ENG-06;CABLE_SET;1
SOUTHEAST-ENG-07;DIAG_SET;1
SOUTHEAST-ENG-07;INSTALL_SET;1
SOUTHEAST-ENG-07;CABLE_SET;1
SOUTHEAST-ENG-08;DIAG_SET;1
SOUTHEAST-ENG-08;INSTALL_SET;1
SOUTHEAST-ENG-09;DIAG_SET;1
SOUTHEAST-ENG-09;CABLE_SET;1
SOUTHEAST-ENG-10;DIAG_SET;1
SOUTHEAST-ENG-10;INSTALL_SET;1
SOUTHEAST-ENG-10;CABLE_SET;1
SOUTHEAST-ENG-11;DIAG_SET;1
SOUTHEAST-ENG-11;INSTALL_SET;1
SOUTHEAST-ENG-11;CABLE_SET;1
SOUTHEAST-ENG-12;DIAG_SET;1
SOUTHEAST-ENG-12;INSTALL_SET;1
SOUTHCENTER-ENG-01;DIAG_SET;1
SOUTHCENTER-ENG-01;INSTALL_SET;1
SOUTHCENTER-ENG-01;CABLE_SET;1
SOUTHCENTER-ENG-02;DIAG_SET;1
SOUTHCENTER-ENG-03;DIAG_SET;1
SOUTHCENTER-ENG-03;INSTALL_SET;1
SOUTHCENTER-ENG-04;DIAG_SET;1
SOUTHCENTER-ENG-04;CABLE_SET;1
SOUTHCENTER-ENG-05;DIAG_SET;1
SOUTHCENTER-ENG-05;INSTALL_SET;1
SOUTHCENTER-ENG-06;DIAG_SET;1
SOUTHCENTER-ENG-06;CABLE_SET;1
SOUTHCENTER-ENG-07;DIAG_SET;1
SOUTHCENTER-ENG-07;INSTALL_SET;1
SOUTHCENTER-ENG-07;CABLE_SET;1
SOUTHCENTER-ENG-08;DIAG_SET;1
SOUTHCENTER-ENG-08;INSTALL_SET;1
SOUTHCENTER-ENG-09;DIAG_SET;1
SOUTHCENTER-ENG-09;CABLE_SET;1
SOUTHCENTER-ENG-10;DIAG_SET;1
SOUTHCENTER-ENG-10;INSTALL_SET;1
SOUTHCENTER-ENG-10;CABLE_SET;1
SOUTHCENTER-ENG-11;DIAG_SET;1
SOUTHCENTER-ENG-11;INSTALL_SET;1
SOUTHCENTER-ENG-11;CABLE_SET;1
