engineer_id;skill_id
EAST-ENG-01;LOCAL
EAST-ENG-01;INSTALL
EAST-ENG-01;EMERGENCY
EAST-ENG-02;LOCAL
EAST-ENG-03;INSTALL
EAST-ENG-04;EMERGENCY
EAST-ENG-05;LOCAL
EAST-ENG-05;INSTALL
EAST-ENG-06;LOCAL
EAST-ENG-06;EMERGENCY
EAST-ENG-07;INSTALL
EAST-ENG-07;EMERGENCY
EAST-ENG-08;LOCAL
EAST-ENG-08;INSTALL
EAST-ENG-09;LOCAL
EAST-ENG-09;EMERGENCY
EAST-ENG-10;INSTALL
EAST-ENG-10;EMERGENCY
EAST-ENG-11;LOCAL
EAST-ENG-11;INSTALL
EAST-ENG-11;EMERGENCY
EAST-ENG-12;LOCAL
EAST-ENG-12;INSTALL
SOUTHEAST-ENG-01;LOCAL
SOUTHEAST-ENG-01;INSTALL
SOUTHEAST-ENG-01;EMERGENCY
SOUTHEAST-ENG-02;LOCAL
SOUTHEAST-ENG-03;INSTALL
SOUTHEAST-ENG-04;EMERGENCY
SOUTHEAST-ENG-05;LOCAL
SOUTHEAST-ENG-05;INSTALL
SOUTHEAST-ENG-06;LOCAL
SOUTHEAST-ENG-06;EMERGENCY
SOUTHEAST-ENG-07;INSTALL
SOUTHEAST-ENG-07;EMERGENCY
SOUTHEAST-ENG-08;LOCAL
SOUTHEAST-ENG-08;INSTALL
SOUTHEAST-ENG-09;LOCAL
SOUTHEAST-ENG-09;EMERGENCY
SOUTHEAST-ENG-10;INSTALL
SOUTHEAST-ENG-10;EMERGENCY
SOUTHEAST-ENG-11;LOCAL
SOUTHEAST-ENG-11;INSTALL
SOUTHEAST-ENG-11;EMERGENCY
SOUTHEAST-ENG-12;LOCAL
SOUTHEAST-ENG-12;INSTALL
SOUTHCENTER-ENG-01;LOCAL
SOUTHCENTER-ENG-01;INSTALL
SOUTHCENTER-ENG-01;EMERGENCY
SOUTHCENTER-ENG-02;LOCAL
SOUTHCENTER-ENG-03;INSTALL
SOUTHCENTER-ENG-04;EMERGENCY
SOUTHCENTER-ENG-05;LOCAL
SOUTHCENTER-ENG-05;INSTALL
SOUTHCENTER-ENG-06;LOCAL
SOUTHCENTER-ENG-06;EMERGENCY
SOUTHCENTER-ENG-07;INSTALL
SOUTHCENTER-ENG-07;EMERGENCY
SOUTHCENTER-ENG-08;LOCAL
SOUTHCENTER-ENG-08;INSTALL
SOUTHCENTER-ENG-09;LOCAL
SOUTHCENTER-ENG-09;EMERGENCY
SOUTHCENTER-ENG-10;INSTALL
SOUTHCENTER-ENG-10;EMERGENCY
SOUTHCENTER-ENG-11;LOCAL
SOUTHCENTER-ENG-11;INSTALL
SOUTHCENTER-ENG-11;EMERGENCY
